2026-05-28 10:40:43,235 - ERROR - FAIL: Source directory '/home/ctrlescape/Projects/ICTPRG302-B/job1input' does not exist. Check backupcfg.py
2026-05-28 14:24:21,359 - ERROR - FAIL: Source directory '/home/ctrlescape/Projects/ICTPRG302-B/job1input' does not exist. Check backupcfg.py
2026-05-28 14:24:22,361 - INFO - SUCCESS: backup Successfully completed
2026-05-28 14:24:43,918 - ERROR - FAIL: Source directory '/home/ctrlescape/Projects/ICTPRG302-B/job1input' does not exist. Check backupcfg.py
2026-05-28 14:24:44,920 - INFO - SUCCESS: backup Successfully completed
2026-05-28 14:25:48,186 - INFO - SUCCESS: backed up: SensibleDots/.zsh_plugins.txt -> .zsh_plugins_20260528_142548.txt
2026-05-28 14:25:48,187 - INFO - SUCCESS: backed up: SensibleDots/.zshrc -> .zshrc_20260528_142548
2026-05-28 14:25:48,189 - INFO - SUCCESS: backed up: SensibleDots/install.sh -> install_20260528_142548.sh
2026-05-28 14:25:48,190 - INFO - SUCCESS: backed up: SensibleDots/config.toml -> config_20260528_142548.toml
2026-05-28 14:25:48,190 - INFO - SUCCESS: backed up: SensibleDots/.bashrc -> .bashrc_20260528_142548
2026-05-28 14:25:48,190 - INFO - SUCCESS: backed up: SensibleDots/yazi.desktop -> yazi_20260528_142548.desktop
2026-05-28 14:25:48,191 - INFO - SUCCESS: backed up: SensibleDots/install2.sh -> install2_20260528_142548.sh
2026-05-28 14:25:48,191 - INFO - SUCCESS: backed up: SensibleDots/LICENSE -> LICENSE_20260528_142548
2026-05-28 14:25:48,191 - INFO - SUCCESS: backed up: SensibleDots/.vimrc -> .vimrc_20260528_142548
2026-05-28 14:25:48,192 - INFO - SUCCESS: backed up: SensibleDots/.config/starship.toml -> starship_20260528_142548.toml
2026-05-28 14:25:48,193 - INFO - SUCCESS: backed up: SensibleDots/.git/packed-refs -> packed-refs_20260528_142548
2026-05-28 14:25:48,193 - INFO - SUCCESS: backed up: SensibleDots/.git/COMMIT_EDITMSG -> COMMIT_EDITMSG_20260528_142548
2026-05-28 14:25:48,193 - INFO - SUCCESS: backed up: SensibleDots/.git/FETCH_HEAD -> FETCH_HEAD_20260528_142548
2026-05-28 14:25:48,194 - INFO - SUCCESS: backed up: SensibleDots/.git/index -> index_20260528_142548
2026-05-28 14:25:48,194 - INFO - SUCCESS: backed up: SensibleDots/.git/ORIG_HEAD -> ORIG_HEAD_20260528_142548
2026-05-28 14:25:48,194 - INFO - SUCCESS: backed up: SensibleDots/.git/HEAD -> HEAD_20260528_142548
2026-05-28 14:25:48,195 - INFO - SUCCESS: backed up: SensibleDots/.git/description -> description_20260528_142548
2026-05-28 14:25:48,195 - INFO - SUCCESS: backed up: SensibleDots/.git/config -> config_20260528_142548
2026-05-28 14:25:48,196 - INFO - SUCCESS: backed up: SensibleDots/.git/logs/HEAD -> HEAD_20260528_142548
2026-05-28 14:25:48,197 - INFO - SUCCESS: backed up: SensibleDots/.git/hooks/pre-merge-commit.sample -> pre-merge-commit_20260528_142548.sample
2026-05-28 14:25:48,198 - INFO - SUCCESS: backed up: SensibleDots/.git/hooks/post-update.sample -> post-update_20260528_142548.sample
2026-05-28 14:25:48,198 - INFO - SUCCESS: backed up: SensibleDots/.git/hooks/fsmonitor-watchman.sample -> fsmonitor-watchman_20260528_142548.sample
2026-05-28 14:25:48,199 - INFO - SUCCESS: backed up: SensibleDots/.git/hooks/pre-push.sample -> pre-push_20260528_142548.sample
2026-05-28 14:25:48,199 - INFO - SUCCESS: backed up: SensibleDots/.git/hooks/pre-commit.sample -> pre-commit_20260528_142548.sample
2026-05-28 14:25:48,199 - INFO - SUCCESS: backed up: SensibleDots/.git/hooks/prepare-commit-msg.sample -> prepare-commit-msg_20260528_142548.sample
2026-05-28 14:25:48,199 - INFO - SUCCESS: backed up: SensibleDots/.git/hooks/update.sample -> update_20260528_142548.sample
2026-05-28 14:25:48,200 - INFO - SUCCESS: backed up: SensibleDots/.git/hooks/push-to-checkout.sample -> push-to-checkout_20260528_142548.sample
2026-05-28 14:25:48,200 - INFO - SUCCESS: backed up: SensibleDots/.git/hooks/pre-receive.sample -> pre-receive_20260528_142548.sample
2026-05-28 14:25:48,201 - INFO - SUCCESS: backed up: SensibleDots/.git/hooks/sendemail-validate.sample -> sendemail-validate_20260528_142548.sample
2026-05-28 14:25:48,201 - INFO - SUCCESS: backed up: SensibleDots/.git/hooks/pre-rebase.sample -> pre-rebase_20260528_142548.sample
2026-05-28 14:25:48,201 - INFO - SUCCESS: backed up: SensibleDots/.git/hooks/commit-msg.sample -> commit-msg_20260528_142548.sample
2026-05-28 14:25:48,202 - INFO - SUCCESS: backed up: SensibleDots/.git/hooks/pre-applypatch.sample -> pre-applypatch_20260528_142548.sample
2026-05-28 14:25:48,202 - INFO - SUCCESS: backed up: SensibleDots/.git/hooks/applypatch-msg.sample -> applypatch-msg_20260528_142548.sample
2026-05-28 14:25:48,202 - INFO - SUCCESS: backed up: SensibleDots/.git/info/exclude -> exclude_20260528_142548
2026-05-28 14:25:48,203 - INFO - SUCCESS: backed up: SensibleDots/.git/refs/heads/main -> main_20260528_142548
2026-05-28 14:25:48,204 - INFO - SUCCESS: backed up: SensibleDots/.git/refs/remotes/origin/main -> main_20260528_142548
2026-05-28 14:25:48,204 - INFO - SUCCESS: backed up: SensibleDots/.git/refs/remotes/origin/HEAD -> HEAD_20260528_142548
2026-05-28 14:25:48,205 - INFO - SUCCESS: backed up: SensibleDots/.git/objects/dc/d301d86de050f3c7a77be0cf7afac72f77c5a8 -> d301d86de050f3c7a77be0cf7afac72f77c5a8_20260528_142548
2026-05-28 14:25:48,206 - INFO - SUCCESS: backed up: SensibleDots/.git/objects/84/5e09069a49c9da657d0c7ce2cc706096589bf5 -> 5e09069a49c9da657d0c7ce2cc706096589bf5_20260528_142548
2026-05-28 14:25:48,206 - INFO - SUCCESS: backed up: SensibleDots/.git/objects/84/daf69bf147acc79e6dc2d181b1608455b777b7 -> daf69bf147acc79e6dc2d181b1608455b777b7_20260528_142548
2026-05-28 14:25:48,207 - INFO - SUCCESS: backed up: SensibleDots/.git/objects/15/933c99ca2900739239d060bf3fcdfd0dfcec70 -> 933c99ca2900739239d060bf3fcdfd0dfcec70_20260528_142548
2026-05-28 14:25:48,207 - INFO - SUCCESS: backed up: SensibleDots/.git/objects/b5/a529bd7d85962883426e8be99ef7c3747dc3fe -> a529bd7d85962883426e8be99ef7c3747dc3fe_20260528_142548
2026-05-28 14:25:48,207 - INFO - SUCCESS: backed up: SensibleDots/.git/objects/80/8f809e4be7d1c32187763917a9a4aa5cd09d64 -> 8f809e4be7d1c32187763917a9a4aa5cd09d64_20260528_142548
2026-05-28 14:25:48,208 - INFO - SUCCESS: backed up: SensibleDots/.git/objects/d2/92689f9e6954719e47adb64a500014e348bd08 -> 92689f9e6954719e47adb64a500014e348bd08_20260528_142548
2026-05-28 14:25:48,208 - INFO - SUCCESS: backed up: SensibleDots/.git/objects/5f/f93d9fd7e07ed064e738314ba643ee5b7acff0 -> f93d9fd7e07ed064e738314ba643ee5b7acff0_20260528_142548
2026-05-28 14:25:48,209 - INFO - SUCCESS: backed up: SensibleDots/.git/objects/48/e844ffb8bd423d59d9eeebad6a76839f3b98dc -> e844ffb8bd423d59d9eeebad6a76839f3b98dc_20260528_142548
2026-05-28 14:25:48,209 - INFO - SUCCESS: backed up: SensibleDots/.git/objects/8b/21dc0ae35f8cc36d0fb0896b07706a354c8787 -> 21dc0ae35f8cc36d0fb0896b07706a354c8787_20260528_142548
2026-05-28 14:25:48,210 - INFO - SUCCESS: backed up: SensibleDots/.git/objects/bf/bc4169a2de9e2d7e5dcd5a197ca9c43db172dd -> bc4169a2de9e2d7e5dcd5a197ca9c43db172dd_20260528_142548
2026-05-28 14:25:48,210 - INFO - SUCCESS: backed up: SensibleDots/.git/objects/26/1b41b6fa7d1ce8d94f04a7bedbf1107caaef0c -> 1b41b6fa7d1ce8d94f04a7bedbf1107caaef0c_20260528_142548
2026-05-28 14:25:48,211 - INFO - SUCCESS: backed up: SensibleDots/.git/objects/26/b5ad04ffb98c3dba8f7cb99989015a04881637 -> b5ad04ffb98c3dba8f7cb99989015a04881637_20260528_142548
2026-05-28 14:25:48,211 - INFO - SUCCESS: backed up: SensibleDots/.git/objects/e8/19cba2e4db905e9be4ecb635631d3b3397b28c -> 19cba2e4db905e9be4ecb635631d3b3397b28c_20260528_142548
2026-05-28 14:25:48,211 - INFO - SUCCESS: backed up: SensibleDots/.git/objects/e8/88070e4995a4c8a621030b4182a67b4243a8d6 -> 88070e4995a4c8a621030b4182a67b4243a8d6_20260528_142548
2026-05-28 14:25:48,212 - INFO - SUCCESS: backed up: SensibleDots/.git/objects/a2/7e6cef2469607a0392ad7115256db02635d4e4 -> 7e6cef2469607a0392ad7115256db02635d4e4_20260528_142548
2026-05-28 14:25:48,212 - INFO - SUCCESS: backed up: SensibleDots/.git/objects/8d/b6a8baeb6a28d98bb45eee58b73aea01c12fce -> b6a8baeb6a28d98bb45eee58b73aea01c12fce_20260528_142548
2026-05-28 14:25:48,213 - INFO - SUCCESS: backed up: SensibleDots/.git/objects/8d/58af8f18568614c6ed4eb565600eb477e3f0c6 -> 58af8f18568614c6ed4eb565600eb477e3f0c6_20260528_142548
2026-05-28 14:25:48,213 - INFO - SUCCESS: backed up: SensibleDots/.git/objects/c4/e2d52f0666b6f019db21938f1263a68411fa88 -> e2d52f0666b6f019db21938f1263a68411fa88_20260528_142548
2026-05-28 14:25:48,214 - INFO - SUCCESS: backed up: SensibleDots/.git/objects/b3/811917d76b4a803daa48a8134d755b1a009c8c -> 811917d76b4a803daa48a8134d755b1a009c8c_20260528_142548
2026-05-28 14:25:48,214 - INFO - SUCCESS: backed up: SensibleDots/.git/objects/2b/96b6bb3941e8559fe2583d79c53614bae2a17b -> 96b6bb3941e8559fe2583d79c53614bae2a17b_20260528_142548
2026-05-28 14:25:48,215 - INFO - SUCCESS: backed up: SensibleDots/.git/objects/9c/bbe45d0779b5919dbfdd1c02f79db56af4c1db -> bbe45d0779b5919dbfdd1c02f79db56af4c1db_20260528_142548
2026-05-28 14:25:48,215 - INFO - SUCCESS: backed up: SensibleDots/.git/objects/5e/77f335c0005706cc76461cc735adb0798ac4b4 -> 77f335c0005706cc76461cc735adb0798ac4b4_20260528_142548
2026-05-28 14:25:48,215 - INFO - SUCCESS: backed up: SensibleDots/.git/objects/5e/50317a17b5cd345c7f4e6d88bd0b30d013b72b -> 50317a17b5cd345c7f4e6d88bd0b30d013b72b_20260528_142548
2026-05-28 14:25:48,216 - INFO - SUCCESS: backed up: SensibleDots/.git/objects/12/846049f1c10e85c37f35810b328d581d36e06e -> 846049f1c10e85c37f35810b328d581d36e06e_20260528_142548
2026-05-28 14:25:48,216 - INFO - SUCCESS: backed up: SensibleDots/.git/objects/f8/c9c2b465ea0f5f9ba566044110f7cff5408cd6 -> c9c2b465ea0f5f9ba566044110f7cff5408cd6_20260528_142548
2026-05-28 14:25:48,217 - INFO - SUCCESS: backed up: SensibleDots/.git/objects/23/481c88debdca2b5e98b5f33742711b7c2a541b -> 481c88debdca2b5e98b5f33742711b7c2a541b_20260528_142548
2026-05-28 14:25:48,217 - INFO - SUCCESS: backed up: SensibleDots/.git/objects/23/03c929411712fa5d2b42efcdf6f4964da48955 -> 03c929411712fa5d2b42efcdf6f4964da48955_20260528_142548
2026-05-28 14:25:48,218 - INFO - SUCCESS: backed up: SensibleDots/.git/objects/ab/9bbbb332a6ac07d91f23da4d86e6d06d5e6f3d -> 9bbbb332a6ac07d91f23da4d86e6d06d5e6f3d_20260528_142548
2026-05-28 14:25:48,218 - INFO - SUCCESS: backed up: SensibleDots/.git/objects/ab/f5e0d95f6448ccef1f3753c4e53a949d3e6739 -> f5e0d95f6448ccef1f3753c4e53a949d3e6739_20260528_142548
2026-05-28 14:25:48,219 - INFO - SUCCESS: backed up: SensibleDots/.git/objects/65/8f252e9aa63a388119567631c88b6a895d794d -> 8f252e9aa63a388119567631c88b6a895d794d_20260528_142548
2026-05-28 14:25:48,219 - INFO - SUCCESS: backed up: SensibleDots/.git/objects/65/a72e31602bb1eac70c110e3f66f19158b29eeb -> a72e31602bb1eac70c110e3f66f19158b29eeb_20260528_142548
2026-05-28 14:25:48,220 - INFO - SUCCESS: backed up: SensibleDots/.git/objects/a6/bbde6db9e7a4d78e6a9b10145d3269d8a4c293 -> bbde6db9e7a4d78e6a9b10145d3269d8a4c293_20260528_142548
2026-05-28 14:25:48,220 - INFO - SUCCESS: backed up: SensibleDots/.git/objects/14/365baaae9145dd50b80ffea8f4536fcaf78527 -> 365baaae9145dd50b80ffea8f4536fcaf78527_20260528_142548
2026-05-28 14:25:48,221 - INFO - SUCCESS: backed up: SensibleDots/.git/objects/14/428df242aaa8b935a1491fbb77c7e4cf5a9753 -> 428df242aaa8b935a1491fbb77c7e4cf5a9753_20260528_142548
2026-05-28 14:25:48,225 - INFO - SUCCESS: backed up: SensibleDots/.git/objects/fd/033b8f3e823c2fe1bf4fdaad66a76ce926b352 -> 033b8f3e823c2fe1bf4fdaad66a76ce926b352_20260528_142548
2026-05-28 14:25:48,227 - INFO - SUCCESS: backed up: SensibleDots/.git/objects/91/67d3f92c14ebfc776da6587a4aee304b7d1de2 -> 67d3f92c14ebfc776da6587a4aee304b7d1de2_20260528_142548
2026-05-28 14:25:48,228 - INFO - SUCCESS: backed up: SensibleDots/.git/objects/91/c342bb6f19559bde47560c3b8681a183a221b9 -> c342bb6f19559bde47560c3b8681a183a221b9_20260528_142548
2026-05-28 14:25:48,229 - INFO - SUCCESS: backed up: SensibleDots/.git/objects/b9/b21fa9756c222b1c3a2f33192b5caa59e7ecfa -> b21fa9756c222b1c3a2f33192b5caa59e7ecfa_20260528_142548
2026-05-28 14:25:48,230 - INFO - SUCCESS: backed up: SensibleDots/.git/objects/d5/ab5a3aa2dc45787b550358138abc83152feb97 -> ab5a3aa2dc45787b550358138abc83152feb97_20260528_142548
2026-05-28 14:25:48,231 - INFO - SUCCESS: backed up: SensibleDots/.git/objects/72/825fbaee128f206e2885afbca9e7ff95cc8f1d -> 825fbaee128f206e2885afbca9e7ff95cc8f1d_20260528_142548
2026-05-28 14:25:48,232 - INFO - SUCCESS: backed up: SensibleDots/.git/objects/72/07e814f4c9cd9ec3f2a9e39d9f819c8b2f0d02 -> 07e814f4c9cd9ec3f2a9e39d9f819c8b2f0d02_20260528_142548
2026-05-28 14:25:48,232 - INFO - SUCCESS: backed up: SensibleDots/.git/objects/2f/32449ef926ad8f014912f93188ce0ce07c8478 -> 32449ef926ad8f014912f93188ce0ce07c8478_20260528_142548
2026-05-28 14:25:48,232 - INFO - SUCCESS: backed up: SensibleDots/.git/objects/2f/f3348737d43670f38efb61b3a93f1391565715 -> f3348737d43670f38efb61b3a93f1391565715_20260528_142548
2026-05-28 14:25:48,233 - INFO - SUCCESS: backed up: SensibleDots/.git/objects/2f/4e7ce2c3a85cfee93859b9b4c2c7c8933e1622 -> 4e7ce2c3a85cfee93859b9b4c2c7c8933e1622_20260528_142548
2026-05-28 14:25:48,233 - INFO - SUCCESS: backed up: SensibleDots/.git/objects/9d/59c6d8ee9ba8f5fff1177f26b1e27d018a69b0 -> 59c6d8ee9ba8f5fff1177f26b1e27d018a69b0_20260528_142548
2026-05-28 14:25:48,234 - INFO - SUCCESS: backed up: SensibleDots/.git/objects/62/90796fe5e36cafecf272661e572f5dbe2cd16a -> 90796fe5e36cafecf272661e572f5dbe2cd16a_20260528_142548
2026-05-28 14:25:48,234 - INFO - SUCCESS: backed up: SensibleDots/.git/objects/c0/6396e2acf2d8deb8f9a43bd2436222f70941f6 -> 6396e2acf2d8deb8f9a43bd2436222f70941f6_20260528_142548
2026-05-28 14:25:48,235 - INFO - SUCCESS: backed up: SensibleDots/.git/objects/79/f44ea0ff6f42be57134e3160b12da2f1ffc613 -> f44ea0ff6f42be57134e3160b12da2f1ffc613_20260528_142548
2026-05-28 14:25:48,235 - INFO - SUCCESS: backed up: SensibleDots/.git/objects/79/b1abd73bef2db4bab0bdf5db9353a7a9b1ee17 -> b1abd73bef2db4bab0bdf5db9353a7a9b1ee17_20260528_142548
2026-05-28 14:25:48,236 - INFO - SUCCESS: backed up: SensibleDots/.git/objects/e5/b372689c11aa17ae7e7ba70186c6c21e593dc8 -> b372689c11aa17ae7e7ba70186c6c21e593dc8_20260528_142548
2026-05-28 14:25:48,236 - INFO - SUCCESS: backed up: SensibleDots/.git/objects/e5/d88d6254c7aa1e07d018fb98ffb924a6012f73 -> d88d6254c7aa1e07d018fb98ffb924a6012f73_20260528_142548
2026-05-28 14:25:48,237 - INFO - SUCCESS: backed up: SensibleDots/.git/objects/64/7d6ceb7b8b13c7a7654d631b0e2a9d310f1f4b -> 7d6ceb7b8b13c7a7654d631b0e2a9d310f1f4b_20260528_142548
2026-05-28 14:25:48,237 - INFO - SUCCESS: backed up: SensibleDots/.git/objects/59/3647d8411c92635e9377d70644d8f68e15b428 -> 3647d8411c92635e9377d70644d8f68e15b428_20260528_142548
2026-05-28 14:25:48,238 - INFO - SUCCESS: backed up: SensibleDots/.git/objects/eb/f23dd218e01b776430a926fbf77413a4700b30 -> f23dd218e01b776430a926fbf77413a4700b30_20260528_142548
2026-05-28 14:25:48,238 - INFO - SUCCESS: backed up: SensibleDots/.git/objects/eb/71ec8a820507f4a55751a3e0da3bba257ee981 -> 71ec8a820507f4a55751a3e0da3bba257ee981_20260528_142548
2026-05-28 14:25:48,239 - INFO - SUCCESS: backed up: SensibleDots/.git/objects/a8/e2f54896aaf57b1bcd2e3fa95dc8fe24acbf65 -> e2f54896aaf57b1bcd2e3fa95dc8fe24acbf65_20260528_142548
2026-05-28 14:25:48,239 - INFO - SUCCESS: backed up: SensibleDots/.git/objects/a8/3f1d8f013c85d4a0fcad0df9e4b37dd7be1bed -> 3f1d8f013c85d4a0fcad0df9e4b37dd7be1bed_20260528_142548
2026-05-28 14:25:48,239 - INFO - SUCCESS: backed up: SensibleDots/.git/objects/29/98169d73889127f38ab0c488d9689343a55e70 -> 98169d73889127f38ab0c488d9689343a55e70_20260528_142548
2026-05-28 14:25:48,240 - INFO - SUCCESS: backed up: SensibleDots/.git/objects/29/fa9c47ff86fe959d7b0b9098186224cbc09f9b -> fa9c47ff86fe959d7b0b9098186224cbc09f9b_20260528_142548
2026-05-28 14:25:48,240 - INFO - SUCCESS: backed up: SensibleDots/.git/objects/29/4b45683b0d4168eae6958d875481f39d56e39a -> 4b45683b0d4168eae6958d875481f39d56e39a_20260528_142548
2026-05-28 14:25:48,241 - INFO - SUCCESS: backed up: SensibleDots/.git/objects/0b/67cf8c4512786544610b5e0a98fa62c2088588 -> 67cf8c4512786544610b5e0a98fa62c2088588_20260528_142548
2026-05-28 14:25:48,241 - INFO - SUCCESS: backed up: SensibleDots/.git/objects/0b/d1d8c2b9011725250c747ade19e8071b1b2d4e -> d1d8c2b9011725250c747ade19e8071b1b2d4e_20260528_142548
2026-05-28 14:25:48,241 - INFO - SUCCESS: backed up: SensibleDots/.git/objects/0b/ac08b55122a858da655eb8b942f9d297c7c226 -> ac08b55122a858da655eb8b942f9d297c7c226_20260528_142548
2026-05-28 14:25:48,242 - INFO - SUCCESS: backed up: SensibleDots/.git/objects/51/679eea7a0f56ac67eddd0f02e06286611fd1c9 -> 679eea7a0f56ac67eddd0f02e06286611fd1c9_20260528_142548
2026-05-28 14:25:48,242 - INFO - SUCCESS: backed up: SensibleDots/.git/objects/92/e996a5740fcfde873de8b0428dfecf9aaf374e -> e996a5740fcfde873de8b0428dfecf9aaf374e_20260528_142548
2026-05-28 14:25:48,243 - INFO - SUCCESS: backed up: SensibleDots/.git/objects/92/f08edffa5cc06006ec3446153ba9927f2379a8 -> f08edffa5cc06006ec3446153ba9927f2379a8_20260528_142548
2026-05-28 14:25:48,243 - INFO - SUCCESS: backed up: SensibleDots/.git/objects/7c/c4aeacac9fc4e49eaa484f6fa73bebd930a7a2 -> c4aeacac9fc4e49eaa484f6fa73bebd930a7a2_20260528_142548
2026-05-28 14:25:48,244 - INFO - SUCCESS: backed up: SensibleDots/.git/objects/7a/c853dcd70e5a01cfe9fae102584cbbba7846e3 -> c853dcd70e5a01cfe9fae102584cbbba7846e3_20260528_142548
2026-05-28 14:25:48,244 - INFO - SUCCESS: backed up: SensibleDots/.git/objects/19/c49c69f5bb9e7864427ae03942684daf183050 -> c49c69f5bb9e7864427ae03942684daf183050_20260528_142548
2026-05-28 14:25:48,245 - INFO - SUCCESS: backed up: SensibleDots/.git/objects/81/c714115b8593254c679d17de4eaa9d0c302279 -> c714115b8593254c679d17de4eaa9d0c302279_20260528_142548
2026-05-28 14:25:48,245 - INFO - SUCCESS: backed up: SensibleDots/.git/objects/b0/a9a0c3ebbb64caf2e480deb4d2d7cd7c615133 -> a9a0c3ebbb64caf2e480deb4d2d7cd7c615133_20260528_142548
2026-05-28 14:25:48,246 - INFO - SUCCESS: backed up: SensibleDots/.git/objects/8f/27df5c5cf6a8b5b1e14e16118fc07a8ca774bf -> 27df5c5cf6a8b5b1e14e16118fc07a8ca774bf_20260528_142548
2026-05-28 14:25:48,246 - INFO - SUCCESS: backed up: SensibleDots/.git/objects/06/5616b6db6bd3571f7f1dc24e517b6acf1d9acb -> 5616b6db6bd3571f7f1dc24e517b6acf1d9acb_20260528_142548
2026-05-28 14:25:48,247 - INFO - SUCCESS: backed up: SensibleDots/.git/objects/e6/47d3f7dd52fa132f89105ffe940b8d053e9161 -> 47d3f7dd52fa132f89105ffe940b8d053e9161_20260528_142548
2026-05-28 14:25:48,247 - INFO - SUCCESS: backed up: SensibleDots/.git/objects/e6/8a329822d8f64612e45c20fa8304487e347788 -> 8a329822d8f64612e45c20fa8304487e347788_20260528_142548
2026-05-28 14:25:48,247 - INFO - SUCCESS: backed up: SensibleDots/.git/objects/af/9b95e18c3644b5ac69b7ba35732b77fe24f67b -> 9b95e18c3644b5ac69b7ba35732b77fe24f67b_20260528_142548
2026-05-28 14:25:48,248 - INFO - SUCCESS: backed up: SensibleDots/.git/objects/ae/0615352cde591f43051ae49a55df9c89b257c8 -> 0615352cde591f43051ae49a55df9c89b257c8_20260528_142548
2026-05-28 14:25:48,248 - INFO - SUCCESS: backed up: SensibleDots/.git/objects/ae/ffca990a7323de9903cbf0cd415f1b52590ef3 -> ffca990a7323de9903cbf0cd415f1b52590ef3_20260528_142548
2026-05-28 14:25:48,249 - INFO - SUCCESS: backed up: SensibleDots/.git/objects/16/6648538e7ba13b91a022e3edf729179ad33710 -> 6648538e7ba13b91a022e3edf729179ad33710_20260528_142548
2026-05-28 14:25:48,249 - INFO - SUCCESS: backed up: SensibleDots/.git/objects/1d/5ec768e171dd5162d39e00a0ffcfb57f3436d8 -> 5ec768e171dd5162d39e00a0ffcfb57f3436d8_20260528_142548
2026-05-28 14:25:48,249 - INFO - SUCCESS: backed up: SensibleDots/.git/objects/52/511f9e9d9ab93e3db795afdf7501f9d6b85f66 -> 511f9e9d9ab93e3db795afdf7501f9d6b85f66_20260528_142548
2026-05-28 14:25:48,250 - INFO - SUCCESS: backed up: SensibleDots/.git/objects/pack/pack-76fa476a9e6e9c71f813cb4d7b6ea81bf7ee4eb1.idx -> pack-76fa476a9e6e9c71f813cb4d7b6ea81bf7ee4eb1_20260528_142548.idx
2026-05-28 14:25:48,251 - INFO - SUCCESS: backed up: SensibleDots/.git/objects/pack/pack-76fa476a9e6e9c71f813cb4d7b6ea81bf7ee4eb1.pack -> pack-76fa476a9e6e9c71f813cb4d7b6ea81bf7ee4eb1_20260528_142548.pack
2026-05-28 14:25:48,251 - INFO - SUCCESS: backed up: SensibleDots/.git/objects/pack/pack-76fa476a9e6e9c71f813cb4d7b6ea81bf7ee4eb1.rev -> pack-76fa476a9e6e9c71f813cb4d7b6ea81bf7ee4eb1_20260528_142548.rev
2026-05-28 14:25:48,252 - INFO - SUCCESS: backed up: SensibleDots/.git/objects/36/6ed513f5bc931234fd01838efea1d11bfac01e -> 6ed513f5bc931234fd01838efea1d11bfac01e_20260528_142548
2026-05-28 14:25:48,252 - INFO - SUCCESS: backed up: SensibleDots/.git/objects/54/d39221140ac0c3d33de47b98abc7d8a07b7b1d -> d39221140ac0c3d33de47b98abc7d8a07b7b1d_20260528_142548
2026-05-28 14:25:48,253 - INFO - SUCCESS: backed up: SensibleDots/.git/objects/04/237eee9464f4f1710be5b983d7065a6fba4c4b -> 237eee9464f4f1710be5b983d7065a6fba4c4b_20260528_142548
2026-05-28 14:25:48,253 - INFO - SUCCESS: backed up: SensibleDots/.git/objects/9b/34de869a00819c71d2946441095d021d177c07 -> 34de869a00819c71d2946441095d021d177c07_20260528_142548
2026-05-28 14:25:48,253 - INFO - SUCCESS: backed up: SensibleDots/.git/objects/9b/f6a85105d51671c62b7d3c9d63dc74dfd29102 -> f6a85105d51671c62b7d3c9d63dc74dfd29102_20260528_142548
2026-05-28 14:25:48,254 - INFO - SUCCESS: backed up: SensibleDots/.git/objects/13/571c055f41678334fda1d34a065a8ac0654f43 -> 571c055f41678334fda1d34a065a8ac0654f43_20260528_142548
2026-05-28 14:25:48,255 - INFO - SUCCESS: backed up: SensibleDots/.git/objects/83/937917af4f781dcaa5736a42466042a52428a7 -> 937917af4f781dcaa5736a42466042a52428a7_20260528_142548
2026-05-28 14:25:48,255 - INFO - SUCCESS: backed up: SensibleDots/.git/objects/cb/331fc417591db882b6335fac1fd33ff2a623ae -> 331fc417591db882b6335fac1fd33ff2a623ae_20260528_142548
2026-05-28 14:25:48,256 - INFO - SUCCESS: backed up: SensibleDots/.git/objects/33/e42c7c6c3a3deedec1d75970e93864fcee79de -> e42c7c6c3a3deedec1d75970e93864fcee79de_20260528_142548
2026-05-28 14:25:48,256 - INFO - SUCCESS: backed up: SensibleDots/.git/objects/33/985883b02877831fec23ae62be28e0c46ee535 -> 985883b02877831fec23ae62be28e0c46ee535_20260528_142548
2026-05-28 14:25:48,256 - INFO - SUCCESS: backed up: SensibleDots/.git/objects/35/ec06bda549eb223401ec5f2a778812dea4aa19 -> ec06bda549eb223401ec5f2a778812dea4aa19_20260528_142548
2026-05-28 14:25:48,257 - INFO - SUCCESS: backed up: SensibleDots/.git/objects/35/26c394264b6f47b3293426bd3ad9edd19ec656 -> 26c394264b6f47b3293426bd3ad9edd19ec656_20260528_142548
2026-05-28 14:25:48,257 - INFO - SUCCESS: backed up: SensibleDots/.git/objects/ac/c8cb8c960722f6647732ecc03c98ccefee103b -> c8cb8c960722f6647732ecc03c98ccefee103b_20260528_142548
2026-05-28 14:25:48,258 - INFO - SUCCESS: backed up: SensibleDots/.git/objects/be/69868cfc2bd0cb36ead4452bc332367a693908 -> 69868cfc2bd0cb36ead4452bc332367a693908_20260528_142548
2026-05-28 14:25:48,258 - INFO - SUCCESS: backed up: SensibleDots/.git/objects/0f/3442209d5dc05b847a118e10530ececea88a8d -> 3442209d5dc05b847a118e10530ececea88a8d_20260528_142548
2026-05-28 14:25:48,258 - INFO - SUCCESS: backed up: SensibleDots/.git/objects/0f/383727ff2e3d0e527a6bf7c8e9443bdaa945b7 -> 383727ff2e3d0e527a6bf7c8e9443bdaa945b7_20260528_142548
2026-05-28 14:25:48,259 - INFO - SUCCESS: backed up: SensibleDots/.git/objects/38/9623e08710a92c833560fa0a55dc9212da6384 -> 9623e08710a92c833560fa0a55dc9212da6384_20260528_142548
2026-05-28 14:25:48,259 - INFO - SUCCESS: backed up: SensibleDots/.git/objects/75/08a76bed8cca034029b04f582a4d80afa0d009 -> 08a76bed8cca034029b04f582a4d80afa0d009_20260528_142548
2026-05-28 14:25:48,260 - INFO - SUCCESS: backed up: SensibleDots/.git/objects/75/47e5ffce14e93340e2d3a06b2158d3ffb3273e -> 47e5ffce14e93340e2d3a06b2158d3ffb3273e_20260528_142548
2026-05-28 14:25:48,260 - INFO - SUCCESS: backed up: SensibleDots/.git/objects/3a/ae151758e12b092d67339612b5609976a628c4 -> ae151758e12b092d67339612b5609976a628c4_20260528_142548
2026-05-28 14:25:48,261 - INFO - SUCCESS: backed up: SensibleDots/.git/objects/d7/27e1b91b61a9dd2dab0761e09fa693bb23f8ed -> 27e1b91b61a9dd2dab0761e09fa693bb23f8ed_20260528_142548
2026-05-28 14:25:48,261 - INFO - SUCCESS: backed up: SensibleDots/.git/objects/d7/2518cfcdbb3a432871c6022df28dedcbaa7dde -> 2518cfcdbb3a432871c6022df28dedcbaa7dde_20260528_142548
2026-05-28 14:25:48,261 - INFO - SUCCESS: backed up: SensibleDots/.git/objects/d7/df9c2c519671d10c72769ded99408e39c4839f -> df9c2c519671d10c72769ded99408e39c4839f_20260528_142548
2026-05-28 14:25:48,262 - INFO - SUCCESS: backed up: SensibleDots/.git/objects/dd/a8a2e546a4180d2b946b410145ae20b1bf0ced -> a8a2e546a4180d2b946b410145ae20b1bf0ced_20260528_142548
2026-05-28 14:25:48,262 - INFO - SUCCESS: backed up: SensibleDots/.git/objects/4f/f83df93f65708583f66f180274b9ce10264c06 -> f83df93f65708583f66f180274b9ce10264c06_20260528_142548
2026-05-28 14:25:48,263 - INFO - SUCCESS: backed up: SensibleDots/.git/objects/1e/383d4e5a7424e503ee9edf0ca6a48445c02a40 -> 383d4e5a7424e503ee9edf0ca6a48445c02a40_20260528_142548
2026-05-28 14:25:48,263 - INFO - SUCCESS: backed up: SensibleDots/.git/objects/1e/49f2758c3b1e58534c55a0f59763cc279b0033 -> 49f2758c3b1e58534c55a0f59763cc279b0033_20260528_142548
2026-05-28 14:25:48,264 - INFO - SUCCESS: backed up: SensibleDots/.git/objects/1e/faf57cafeca10485a734cfcfa3073d9c0636e2 -> faf57cafeca10485a734cfcfa3073d9c0636e2_20260528_142548
2026-05-28 14:25:48,264 - INFO - SUCCESS: backed up: SensibleDots/.git/objects/66/c6c027a51a62a3cca8aff037cf165c075ef886 -> c6c027a51a62a3cca8aff037cf165c075ef886_20260528_142548
2026-05-28 14:25:48,265 - INFO - SUCCESS: backed up: SensibleDots/.git/objects/ec/d853f3d1fbdce3e74983a88b5112981eacc0c9 -> d853f3d1fbdce3e74983a88b5112981eacc0c9_20260528_142548
2026-05-28 14:25:48,265 - INFO - SUCCESS: backed up: SensibleDots/.git/objects/ec/4df424d9103ae454e2b455cc464b35aa3df5e9 -> 4df424d9103ae454e2b455cc464b35aa3df5e9_20260528_142548
2026-05-28 14:25:48,265 - INFO - SUCCESS: backed up: SensibleDots/.git/objects/6c/760ab3a935e09d2b6c25d142c7140547f24c43 -> 760ab3a935e09d2b6c25d142c7140547f24c43_20260528_142548
2026-05-28 14:25:48,266 - INFO - SUCCESS: backed up: SensibleDots/.git/objects/6c/3fc0bc9f7a05fabb2998714108d668903a804b -> 3fc0bc9f7a05fabb2998714108d668903a804b_20260528_142548
2026-05-28 14:25:48,266 - INFO - SUCCESS: backed up: SensibleDots/.git/objects/6c/d4db348105e831b52f4aa385081245212111b7 -> d4db348105e831b52f4aa385081245212111b7_20260528_142548
2026-05-28 14:25:48,266 - INFO - SUCCESS: backed up: SensibleDots/.git/objects/98/23e04f76e18ac1aafd5b3d1207c9cadb5323c7 -> 23e04f76e18ac1aafd5b3d1207c9cadb5323c7_20260528_142548
2026-05-28 14:25:48,267 - INFO - SUCCESS: backed up: SensibleDots/.git/objects/d9/114915f84cb6b0a56a4e41107b9da693630892 -> 114915f84cb6b0a56a4e41107b9da693630892_20260528_142548
2026-05-28 14:25:48,267 - INFO - SUCCESS: backed up: SensibleDots/.git/objects/d9/1a5db989fe10e07d9357d70db47a5fa72f43f0 -> 1a5db989fe10e07d9357d70db47a5fa72f43f0_20260528_142548
2026-05-28 14:25:48,268 - INFO - SUCCESS: backed up: SensibleDots/.git/objects/c7/1dd1c8a903e037f24ac7bb0aa5e43812be3161 -> 1dd1c8a903e037f24ac7bb0aa5e43812be3161_20260528_142548
2026-05-28 14:25:48,268 - INFO - SUCCESS: backed up: SensibleDots/.git/objects/39/45b0edd480fd349e08b4c0ee72d8465264726f -> 45b0edd480fd349e08b4c0ee72d8465264726f_20260528_142548
2026-05-28 14:25:48,269 - INFO - SUCCESS: backed up: SensibleDots/.git/objects/a5/216743763a0208166df034f62fbbf614247b65 -> 216743763a0208166df034f62fbbf614247b65_20260528_142548
2026-05-28 14:25:48,269 - INFO - SUCCESS: backed up: SensibleDots/.git/objects/a5/9fee61172eb71d745769748aee04c5acbd7fd8 -> 9fee61172eb71d745769748aee04c5acbd7fd8_20260528_142548
2026-05-28 14:25:48,270 - INFO - SUCCESS: backed up: SensibleDots/.git/objects/5a/7b7e76392eba55d6e02b9a62d4bf07dedd57e7 -> 7b7e76392eba55d6e02b9a62d4bf07dedd57e7_20260528_142548
2026-05-28 14:25:48,270 - INFO - SUCCESS: backed up: SensibleDots/.git/objects/5a/c25d05f9d55881c9b851bad92533814ab9bf1c -> c25d05f9d55881c9b851bad92533814ab9bf1c_20260528_142548
2026-05-28 14:25:48,271 - INFO - SUCCESS: backed up: SensibleDots/.git/objects/3b/f496a187c1203ec4f0ac35d3a2f299f299eaaf -> f496a187c1203ec4f0ac35d3a2f299f299eaaf_20260528_142548
2026-05-28 14:25:48,271 - INFO - SUCCESS: backed up: SensibleDots/.git/objects/3b/0c2e3e0c767e7510b7d5cceee3804de2411525 -> 0c2e3e0c767e7510b7d5cceee3804de2411525_20260528_142548
2026-05-28 14:25:48,272 - INFO - SUCCESS: backed up: SensibleDots/.git/objects/7d/c839227d86aa7768c50e13078a2d060bb44f45 -> c839227d86aa7768c50e13078a2d060bb44f45_20260528_142548
2026-05-28 14:25:48,272 - INFO - SUCCESS: backed up: SensibleDots/.git/objects/7d/6a5ad04f06bd32ec23208e24adcb31a9bcae33 -> 6a5ad04f06bd32ec23208e24adcb31a9bcae33_20260528_142548
2026-05-28 14:25:48,273 - INFO - SUCCESS: backed up: SensibleDots/.git/objects/f0/c77c9015d0f6bc4603f5e3135c17bf03b9e6e9 -> c77c9015d0f6bc4603f5e3135c17bf03b9e6e9_20260528_142548
2026-05-28 14:25:48,273 - INFO - SUCCESS: backed up: SensibleDots/.git/objects/d4/310317926b9f52db33e3071ec398896878ae88 -> 310317926b9f52db33e3071ec398896878ae88_20260528_142548
2026-05-28 14:25:48,273 - INFO - SUCCESS: backed up: SensibleDots/.git/objects/d4/19037e17b3167fd4aa1a850ce6d1f5dee99d48 -> 19037e17b3167fd4aa1a850ce6d1f5dee99d48_20260528_142548
2026-05-28 14:25:48,274 - INFO - SUCCESS: backed up: SensibleDots/.git/objects/d4/54038777c28d4a890bc28980549f7df236b439 -> 54038777c28d4a890bc28980549f7df236b439_20260528_142548
2026-05-28 14:25:48,274 - INFO - SUCCESS: backed up: SensibleDots/.git/objects/d4/86ebb4347c9636a89403e749210323577b5efe -> 86ebb4347c9636a89403e749210323577b5efe_20260528_142548
2026-05-28 14:25:48,275 - INFO - SUCCESS: backed up: SensibleDots/.git/objects/07/c4c0c9ce816ab300f1cc7c3e6fa8ab864a4f8f -> c4c0c9ce816ab300f1cc7c3e6fa8ab864a4f8f_20260528_142548
2026-05-28 14:25:48,275 - INFO - SUCCESS: backed up: SensibleDots/.git/objects/2d/c901b1cd30b3dd7afc76fd282ed409e949b1b4 -> c901b1cd30b3dd7afc76fd282ed409e949b1b4_20260528_142548
2026-05-28 14:25:48,276 - INFO - SUCCESS: backed up: SensibleDots/.git/objects/f6/0cfee2d5dcf5f24eab899825478fd5d0a4e4d7 -> 0cfee2d5dcf5f24eab899825478fd5d0a4e4d7_20260528_142548
2026-05-28 14:25:48,276 - INFO - SUCCESS: backed up: SensibleDots/.git/objects/cd/fd38a14a0ed988442f7997418fcfd3e7983c60 -> fd38a14a0ed988442f7997418fcfd3e7983c60_20260528_142548
2026-05-28 14:25:48,277 - INFO - SUCCESS: backed up: SensibleDots/.git/objects/0c/654cc2e109d0153b3551a0bb0e8bb57b24f742 -> 654cc2e109d0153b3551a0bb0e8bb57b24f742_20260528_142548
2026-05-28 14:25:48,277 - INFO - SUCCESS: backed up: SensibleDots/.git/objects/0c/a18b5cfce8652408ebcc063b8e6fd2da3f370b -> a18b5cfce8652408ebcc063b8e6fd2da3f370b_20260528_142548
2026-05-28 14:25:48,278 - INFO - SUCCESS: backed up: SensibleDots/.git/objects/08/b67c3f49f647cde6b2c1ed79108826d986cd24 -> b67c3f49f647cde6b2c1ed79108826d986cd24_20260528_142548
2026-05-28 14:25:48,278 - INFO - SUCCESS: backed up: SensibleDots/.git/objects/44/0021d8cbc17d701d77956283fbdf7dd19e442c -> 0021d8cbc17d701d77956283fbdf7dd19e442c_20260528_142548
2026-05-28 14:25:48,278 - INFO - SUCCESS: backed up: SensibleDots/.git/objects/44/fbdf1234227dc61e9f6bafdb9d851f27632999 -> fbdf1234227dc61e9f6bafdb9d851f27632999_20260528_142548
2026-05-28 14:25:48,279 - INFO - SUCCESS: backed up: SensibleDots/.git/objects/df/602fdc95250b9b0e0699a2b73a9aeb7d94f39f -> 602fdc95250b9b0e0699a2b73a9aeb7d94f39f_20260528_142548
2026-05-28 14:25:48,279 - INFO - SUCCESS: backed up: SensibleDots/.git/objects/c8/db16c747ce10f950bafb6a1548a6c142a55e77 -> db16c747ce10f950bafb6a1548a6c142a55e77_20260528_142548
2026-05-28 14:25:48,280 - INFO - SUCCESS: backed up: SensibleDots/.git/objects/77/8a5fb02efd02ee7124f0a3ae9c442bd79ae304 -> 8a5fb02efd02ee7124f0a3ae9c442bd79ae304_20260528_142548
2026-05-28 14:25:48,280 - INFO - SUCCESS: backed up: SensibleDots/.git/objects/77/f5f6322db59e3324d84b0132d7735014c61423 -> f5f6322db59e3324d84b0132d7735014c61423_20260528_142548
2026-05-28 14:25:48,281 - INFO - SUCCESS: backed up: SensibleDots/.git/objects/bb/c9df0e31a3a6f43693ab69e7033383ebed947c -> c9df0e31a3a6f43693ab69e7033383ebed947c_20260528_142548
2026-05-28 14:25:48,281 - INFO - SUCCESS: backed up: SensibleDots/.git/objects/bb/58357bfbc00aa2cd87aa81ca716b29643f74e5 -> 58357bfbc00aa2cd87aa81ca716b29643f74e5_20260528_142548
2026-05-28 14:25:48,282 - INFO - SUCCESS: backed up: SensibleDots/.git/objects/a1/ae67b9905b02538edd6b4709bb508ba36e46bd -> ae67b9905b02538edd6b4709bb508ba36e46bd_20260528_142548
2026-05-28 14:25:48,282 - INFO - SUCCESS: backed up: SensibleDots/.git/objects/a1/ad7096ef47b4b55c59b82139b29cd32806507f -> ad7096ef47b4b55c59b82139b29cd32806507f_20260528_142548
2026-05-28 14:25:48,283 - INFO - SUCCESS: backed up: SensibleDots/.git/objects/60/6c294a75c8af39685281f1b5631ad78d08fbc0 -> 6c294a75c8af39685281f1b5631ad78d08fbc0_20260528_142548
2026-05-28 14:25:48,283 - INFO - SUCCESS: backed up: SensibleDots/.git/objects/74/610ffbd74ae85a6f9e9f77d40da4706366f65a -> 610ffbd74ae85a6f9e9f77d40da4706366f65a_20260528_142548
2026-05-28 14:25:48,283 - INFO - SUCCESS: backed up: SensibleDots/.git/objects/1f/add8f6af73315b99e172310a81a0ed9a53db95 -> add8f6af73315b99e172310a81a0ed9a53db95_20260528_142548
2026-05-28 14:25:48,284 - INFO - SUCCESS: backed up: SensibleDots/.git/objects/1f/0df551f81b498350e160696b081ba9fb971532 -> 0df551f81b498350e160696b081ba9fb971532_20260528_142548
2026-05-28 14:25:48,284 - INFO - SUCCESS: backed up: SensibleDots/.git/objects/1f/e1d229b46b3a4b49f4781a4d87263e99476926 -> e1d229b46b3a4b49f4781a4d87263e99476926_20260528_142548
2026-05-28 14:25:48,285 - INFO - SUCCESS: backed up: SensibleDots/.git/objects/1f/ce2180e3cac97eac880d0042d3d61246bed07e -> ce2180e3cac97eac880d0042d3d61246bed07e_20260528_142548
2026-05-28 14:25:48,285 - INFO - SUCCESS: backed up: SensibleDots/.git/objects/0e/129d0d7066d3c419a659b5dc1c4eb19649185d -> 129d0d7066d3c419a659b5dc1c4eb19649185d_20260528_142548
2026-05-28 14:25:48,285 - INFO - SUCCESS: backed up: SensibleDots/.git/objects/0e/9d7ae4d09328740098ae04bb0bb568f15a2980 -> 9d7ae4d09328740098ae04bb0bb568f15a2980_20260528_142548
2026-05-28 14:25:48,286 - INFO - SUCCESS: backed up: SensibleDots/.git/objects/0e/ff95d4219dd62c8577ce95a107d48ef7d26e6b -> ff95d4219dd62c8577ce95a107d48ef7d26e6b_20260528_142548
2026-05-28 14:25:48,287 - INFO - SUCCESS: backed up: SensibleDots/.git/objects/99/41e20b9b1c308a3afb0383f93ed99d7ae3c8ab -> 41e20b9b1c308a3afb0383f93ed99d7ae3c8ab_20260528_142548
2026-05-28 14:25:48,287 - INFO - SUCCESS: backed up: SensibleDots/.git/objects/4c/464056f4e3a47babecb4e73f1eb305c5bae333 -> 464056f4e3a47babecb4e73f1eb305c5bae333_20260528_142548
2026-05-28 14:25:48,288 - INFO - SUCCESS: backed up: SensibleDots/.git/objects/c9/1c74b1f473aab5ece85dc67c52cfd180bbced5 -> 1c74b1f473aab5ece85dc67c52cfd180bbced5_20260528_142548
2026-05-28 14:25:48,288 - INFO - SUCCESS: backed up: SensibleDots/.git/objects/6f/2108aaab91857ecdc89e781441183c6dfa7480 -> 2108aaab91857ecdc89e781441183c6dfa7480_20260528_142548
2026-05-28 14:25:48,289 - INFO - SUCCESS: backed up: SensibleDots/.git/objects/fa/df459da2fc54b37518c021458889d7d4013375 -> df459da2fc54b37518c021458889d7d4013375_20260528_142548
2026-05-28 14:25:48,289 - INFO - SUCCESS: backed up: SensibleDots/.git/objects/a0/a7abf0604feeec09652439af3b7188119fd1da -> a7abf0604feeec09652439af3b7188119fd1da_20260528_142548
2026-05-28 14:25:48,290 - INFO - SUCCESS: backed up: SensibleDots/.git/objects/cc/1de10f4754811b4410515c12c4390772670711 -> 1de10f4754811b4410515c12c4390772670711_20260528_142548
2026-05-28 14:25:48,290 - INFO - SUCCESS: backed up: SensibleDots/.git/objects/d3/ae92f22262315ab929955b4160c7e22f75610f -> ae92f22262315ab929955b4160c7e22f75610f_20260528_142548
2026-05-28 14:25:48,291 - INFO - SUCCESS: backed up: SensibleDots/.git/objects/c6/5e8d9e9c6bb9a0d98f08bfb249af23f95e75e5 -> 5e8d9e9c6bb9a0d98f08bfb249af23f95e75e5_20260528_142548
2026-05-28 14:25:48,291 - INFO - SUCCESS: backed up: SensibleDots/.git/objects/49/95a4383a2fdb99818111d1f92ea760544edda4 -> 95a4383a2fdb99818111d1f92ea760544edda4_20260528_142548
2026-05-28 14:25:48,291 - INFO - SUCCESS: backed up: SensibleDots/.git/objects/49/c681cdae40a8f885f79ba6cb5d8ee8725e966a -> c681cdae40a8f885f79ba6cb5d8ee8725e966a_20260528_142548
2026-05-28 14:25:48,292 - INFO - SUCCESS: backed up: SensibleDots/.git/objects/1a/08a7555219ad70f4426376910365fa9fe898af -> 08a7555219ad70f4426376910365fa9fe898af_20260528_142548
2026-05-28 14:25:48,293 - INFO - SUCCESS: backed up: SensibleDots/.git/objects/da/ded6defc45ac6049d2f250b2a09df5459e69ec -> ded6defc45ac6049d2f250b2a09df5459e69ec_20260528_142548
2026-05-28 14:25:48,294 - INFO - SUCCESS: backed up: SensibleDots/.git/objects/da/a991793b7912e9ef96187a592de1b63703adfe -> a991793b7912e9ef96187a592de1b63703adfe_20260528_142548
2026-05-28 14:25:48,294 - INFO - SUCCESS: backed up: SensibleDots/.git/objects/27/1fc5f95a19af3ac978addc0e7eb357edf8c4b9 -> 1fc5f95a19af3ac978addc0e7eb357edf8c4b9_20260528_142548
2026-05-28 14:25:48,295 - INFO - SUCCESS: backed up: SensibleDots/.git/objects/e3/f78eb45457e88e1a58d7633c57f4e70790a85c -> f78eb45457e88e1a58d7633c57f4e70790a85c_20260528_142548
2026-05-28 14:25:48,295 - INFO - SUCCESS: backed up: SensibleDots/.git/objects/e3/712d6c38112c1b9020317d3b1553a469e1de44 -> 712d6c38112c1b9020317d3b1553a469e1de44_20260528_142548
2026-05-28 14:25:48,295 - INFO - SUCCESS: backed up: SensibleDots/.git/objects/56/acf7720c0443147120c607e21322db0e9cbd21 -> acf7720c0443147120c607e21322db0e9cbd21_20260528_142548
2026-05-28 14:25:48,296 - INFO - SUCCESS: backed up: SensibleDots/.git/objects/56/0f9b7076c074b082258649b285afd6f11f167f -> 0f9b7076c074b082258649b285afd6f11f167f_20260528_142548
2026-05-28 14:25:48,296 - INFO - SUCCESS: backed up: SensibleDots/.git/objects/6b/0e33bef63c453c5db6ec9f991ca3226eaf2e79 -> 0e33bef63c453c5db6ec9f991ca3226eaf2e79_20260528_142548
2026-05-28 14:25:48,297 - INFO - SUCCESS: backed up: SensibleDots/.git/objects/f7/efee0c47c6170b8772c9cee8c2bb13a4514490 -> efee0c47c6170b8772c9cee8c2bb13a4514490_20260528_142548
2026-05-28 14:25:48,297 - INFO - SUCCESS: backed up: SensibleDots/.git/objects/71/554e78b253b92dbba47a88e2c4e723d483d3f7 -> 554e78b253b92dbba47a88e2c4e723d483d3f7_20260528_142548
2026-05-28 14:25:48,298 - INFO - SUCCESS: backed up: SensibleDots/.git/objects/43/c97385012bcfe2217629bcf0103fa990a41092 -> c97385012bcfe2217629bcf0103fa990a41092_20260528_142548
2026-05-28 14:25:48,298 - INFO - SUCCESS: backed up: SensibleDots/.git/objects/43/e397327be53872d35c8f272d0a6ba696551110 -> e397327be53872d35c8f272d0a6ba696551110_20260528_142548
2026-05-28 14:25:48,299 - INFO - SUCCESS: backed up: SensibleDots/.git/objects/70/fc534483ea9439ca312e9e03d1db53616c73cd -> fc534483ea9439ca312e9e03d1db53616c73cd_20260528_142548
2026-05-28 14:25:48,299 - INFO - SUCCESS: backed up: SensibleDots/.git/objects/55/e992169ebc7e956daf69298fe82280a8d4c383 -> e992169ebc7e956daf69298fe82280a8d4c383_20260528_142548
2026-05-28 14:25:48,299 - INFO - SUCCESS: backed up: SensibleDots/.git/objects/b8/91a63e34f75379b1f0b0f799769040d8fd5f6f -> 91a63e34f75379b1f0b0f799769040d8fd5f6f_20260528_142548
2026-05-28 14:25:48,300 - INFO - SUCCESS: backed up: SensibleDots/.git/objects/93/a2ed49dd0820dbb8b758e72442d29f49d16157 -> a2ed49dd0820dbb8b758e72442d29f49d16157_20260528_142548
2026-05-28 14:25:48,300 - INFO - SUCCESS: backed up: SensibleDots/.git/objects/50/de6168258c915d2ad54ba47d67e95834ebd736 -> de6168258c915d2ad54ba47d67e95834ebd736_20260528_142548
2026-05-28 14:25:48,301 - INFO - SUCCESS: backed up: SensibleDots/.git/objects/50/739818986152628fc2de8fa70300e2c6ceee90 -> 739818986152628fc2de8fa70300e2c6ceee90_20260528_142548
2026-05-28 14:25:48,301 - INFO - SUCCESS: backed up: SensibleDots/.git/objects/21/e1d7f72cd792c0d40121821aad6dd8150ceeb8 -> e1d7f72cd792c0d40121821aad6dd8150ceeb8_20260528_142548
2026-05-28 14:25:48,302 - INFO - SUCCESS: backed up: SensibleDots/.git/objects/ef/5655d4b48ee82723df581a4afe28afa8a34754 -> 5655d4b48ee82723df581a4afe28afa8a34754_20260528_142548
2026-05-28 14:25:48,305 - INFO - SUCCESS: backed up: SensibleDots/.git/logs/refs/heads/main -> main_20260528_142548
2026-05-28 14:25:48,306 - INFO - SUCCESS: backed up: SensibleDots/.git/logs/refs/remotes/origin/main -> main_20260528_142548
2026-05-28 14:25:48,306 - INFO - SUCCESS: backed up: SensibleDots/.git/logs/refs/remotes/origin/HEAD -> HEAD_20260528_142548
2026-05-28 14:25:48,307 - INFO - SUCCESS: backed up: SensibleDots/.config/noctalia/settings.json -> settings_20260528_142548.json
2026-05-28 14:25:48,307 - INFO - SUCCESS: backed up: SensibleDots/.config/noctalia/colors.json -> colors_20260528_142548.json
2026-05-28 14:25:48,308 - INFO - SUCCESS: backed up: SensibleDots/.config/noctalia/plugins.json -> plugins_20260528_142548.json
2026-05-28 14:25:48,308 - INFO - SUCCESS: backed up: SensibleDots/.config/kitty/kitty.conf -> kitty_20260528_142548.conf
2026-05-28 14:25:48,309 - INFO - SUCCESS: backed up: SensibleDots/.config/kitty/current-theme.conf -> current-theme_20260528_142548.conf
2026-05-28 14:25:48,309 - INFO - SUCCESS: backed up: SensibleDots/.config/xdg-desktop-portal-termfilechooser/yazi-wrapper.sh -> yazi-wrapper_20260528_142548.sh
2026-05-28 14:25:48,310 - INFO - SUCCESS: backed up: SensibleDots/.config/xdg-desktop-portal-termfilechooser/config -> config_20260528_142548
2026-05-28 14:25:48,310 - INFO - SUCCESS: backed up: SensibleDots/.config/hypr/hyprland.lua -> hyprland_20260528_142548.lua
2026-05-28 14:25:48,311 - INFO - SUCCESS: backed up: SensibleDots/.config/fastfetch/config.jsonc -> config_20260528_142548.jsonc
2026-05-28 14:25:48,311 - INFO - SUCCESS: backed up: SensibleDots/.config/xdg-desktop-portal/portals.conf -> portals_20260528_142548.conf
2026-05-28 14:25:48,312 - INFO - SUCCESS: backed up: SensibleDots/.config/xdg-desktop-portal/hyprland-portals.conf -> hyprland-portals_20260528_142548.conf
2026-05-28 14:25:48,312 - INFO - SUCCESS: backed up: SensibleDots/.config/yazi/yazi.toml -> yazi_20260528_142548.toml
2026-05-28 14:25:48,313 - INFO - SUCCESS: backed up: SensibleDots/.config/yazi/init.lua -> init_20260528_142548.lua
2026-05-28 14:25:48,313 - INFO - SUCCESS: backed up: SensibleDots/.config/yazi/theme.toml -> theme_20260528_142548.toml
2026-05-28 14:25:48,313 - INFO - SUCCESS: backed up: SensibleDots/.config/yazi/keymap.toml -> keymap_20260528_142548.toml
2026-05-28 14:25:48,314 - INFO - SUCCESS: backed up: SensibleDots/.config/yazi/flavors/noctalia.yazi/flavor.toml -> flavor_20260528_142548.toml
2026-05-28 14:25:48,315 - INFO - SUCCESS: backed up: SensibleDots/.config/kitty/themes/noctalia.conf -> noctalia_20260528_142548.conf
2026-05-28 14:25:48,315 - INFO - SUCCESS: backed up: SensibleDots/.config/noctalia/plugins/arch-updater/manifest.json -> manifest_20260528_142548.json
2026-05-28 14:25:48,316 - INFO - SUCCESS: backed up: SensibleDots/.config/noctalia/plugins/arch-updater/Main.qml -> Main_20260528_142548.qml
2026-05-28 14:25:48,316 - INFO - SUCCESS: backed up: SensibleDots/.config/noctalia/plugins/arch-updater/ControlCenterWidget.qml -> ControlCenterWidget_20260528_142548.qml
2026-05-28 14:25:48,316 - INFO - SUCCESS: backed up: SensibleDots/.config/noctalia/plugins/arch-updater/settings.json -> settings_20260528_142548.json
2026-05-28 14:25:48,317 - INFO - SUCCESS: backed up: SensibleDots/.config/noctalia/plugins/arch-updater/LauncherProvider.qml -> LauncherProvider_20260528_142548.qml
2026-05-28 14:25:48,317 - INFO - SUCCESS: backed up: SensibleDots/.config/noctalia/plugins/arch-updater/preview.png -> preview_20260528_142548.png
2026-05-28 14:25:48,318 - INFO - SUCCESS: backed up: SensibleDots/.config/noctalia/plugins/arch-updater/DesktopWidget.qml -> DesktopWidget_20260528_142548.qml
2026-05-28 14:25:48,318 - INFO - SUCCESS: backed up: SensibleDots/.config/noctalia/plugins/arch-updater/Settings.qml -> Settings_20260528_142548.qml
2026-05-28 14:25:48,319 - INFO - SUCCESS: backed up: SensibleDots/.config/noctalia/plugins/arch-updater/BarWidget.qml -> BarWidget_20260528_142548.qml
2026-05-28 14:25:48,319 - INFO - SUCCESS: backed up: SensibleDots/.config/noctalia/plugins/arch-updater/Panel.qml -> Panel_20260528_142548.qml
2026-05-28 14:25:48,320 - INFO - SUCCESS: backed up: SensibleDots/.config/noctalia/plugins/arch-updater/README.md -> README_20260528_142548.md
2026-05-28 14:25:48,320 - INFO - SUCCESS: backed up: SensibleDots/.config/noctalia/plugins/arch-updater/icons/flatpak.svg -> flatpak_20260528_142548.svg
2026-05-28 14:25:48,321 - INFO - SUCCESS: backed up: SensibleDots/.config/noctalia/plugins/arch-updater/icons/arch.svg -> arch_20260528_142548.svg
2026-05-28 14:25:48,321 - INFO - SUCCESS: backed up: SensibleDots/.config/noctalia/plugins/arch-updater/icons/aur.svg -> aur_20260528_142548.svg
2026-05-28 14:25:48,322 - INFO - SUCCESS: backed up: SensibleDots/.config/noctalia/plugins/arch-updater/i18n/en.json -> en_20260528_142548.json
2026-05-28 14:25:48,322 - INFO - SUCCESS: backed up: SensibleDots/.config/noctalia/plugins/arch-updater/i18n/fr.json -> fr_20260528_142548.json
2026-05-28 14:25:48,322 - INFO - SUCCESS: backed up: SensibleDots/.config/noctalia/plugins/arch-updater/i18n/de.json -> de_20260528_142548.json
2026-05-28 14:25:49,323 - INFO - SUCCESS: backup Successfully completed
2026-05-28 14:29:24,238 - INFO - SUCCESS: backed up: SensibleDots/.zsh_plugins.txt -> .zsh_plugins_20260528_142924.txt
2026-05-28 14:29:24,242 - INFO - SUCCESS: backed up: SensibleDots/.zshrc -> .zshrc_20260528_142924
2026-05-28 14:29:24,244 - INFO - SUCCESS: backed up: SensibleDots/install.sh -> install_20260528_142924.sh
2026-05-28 14:29:24,245 - INFO - SUCCESS: backed up: SensibleDots/config.toml -> config_20260528_142924.toml
2026-05-28 14:29:24,246 - INFO - SUCCESS: backed up: SensibleDots/.bashrc -> .bashrc_20260528_142924
2026-05-28 14:29:24,246 - INFO - SUCCESS: backed up: SensibleDots/yazi.desktop -> yazi_20260528_142924.desktop
2026-05-28 14:29:24,247 - INFO - SUCCESS: backed up: SensibleDots/install2.sh -> install2_20260528_142924.sh
2026-05-28 14:29:24,247 - INFO - SUCCESS: backed up: SensibleDots/LICENSE -> LICENSE_20260528_142924
2026-05-28 14:29:24,248 - INFO - SUCCESS: backed up: SensibleDots/.vimrc -> .vimrc_20260528_142924
2026-05-28 14:29:24,250 - INFO - SUCCESS: backed up: SensibleDots/.config/starship.toml -> starship_20260528_142924.toml
2026-05-28 14:29:24,253 - INFO - SUCCESS: backed up: SensibleDots/.git/packed-refs -> packed-refs_20260528_142924
2026-05-28 14:29:24,255 - INFO - SUCCESS: backed up: SensibleDots/.git/COMMIT_EDITMSG -> COMMIT_EDITMSG_20260528_142924
2026-05-28 14:29:24,256 - INFO - SUCCESS: backed up: SensibleDots/.git/FETCH_HEAD -> FETCH_HEAD_20260528_142924
2026-05-28 14:29:24,258 - INFO - SUCCESS: backed up: SensibleDots/.git/index -> index_20260528_142924
2026-05-28 14:29:24,260 - INFO - SUCCESS: backed up: SensibleDots/.git/ORIG_HEAD -> ORIG_HEAD_20260528_142924
2026-05-28 14:29:24,263 - INFO - SUCCESS: backed up: SensibleDots/.git/HEAD -> HEAD_20260528_142924
2026-05-28 14:29:24,264 - INFO - SUCCESS: backed up: SensibleDots/.git/description -> description_20260528_142924
2026-05-28 14:29:24,266 - INFO - SUCCESS: backed up: SensibleDots/.git/config -> config_20260528_142924
2026-05-28 14:29:24,269 - INFO - SUCCESS: backed up: SensibleDots/.git/logs/HEAD -> HEAD_20260528_142924
2026-05-28 14:29:24,278 - INFO - SUCCESS: backed up: SensibleDots/.git/hooks/pre-merge-commit.sample -> pre-merge-commit_20260528_142924.sample
2026-05-28 14:29:24,280 - INFO - SUCCESS: backed up: SensibleDots/.git/hooks/post-update.sample -> post-update_20260528_142924.sample
2026-05-28 14:29:24,282 - INFO - SUCCESS: backed up: SensibleDots/.git/hooks/fsmonitor-watchman.sample -> fsmonitor-watchman_20260528_142924.sample
2026-05-28 14:29:24,284 - INFO - SUCCESS: backed up: SensibleDots/.git/hooks/pre-push.sample -> pre-push_20260528_142924.sample
2026-05-28 14:29:24,286 - INFO - SUCCESS: backed up: SensibleDots/.git/hooks/pre-commit.sample -> pre-commit_20260528_142924.sample
2026-05-28 14:29:24,289 - INFO - SUCCESS: backed up: SensibleDots/.git/hooks/prepare-commit-msg.sample -> prepare-commit-msg_20260528_142924.sample
2026-05-28 14:29:24,291 - INFO - SUCCESS: backed up: SensibleDots/.git/hooks/update.sample -> update_20260528_142924.sample
2026-05-28 14:29:24,294 - INFO - SUCCESS: backed up: SensibleDots/.git/hooks/push-to-checkout.sample -> push-to-checkout_20260528_142924.sample
2026-05-28 14:29:24,297 - INFO - SUCCESS: backed up: SensibleDots/.git/hooks/pre-receive.sample -> pre-receive_20260528_142924.sample
2026-05-28 14:29:24,299 - INFO - SUCCESS: backed up: SensibleDots/.git/hooks/sendemail-validate.sample -> sendemail-validate_20260528_142924.sample
2026-05-28 14:29:24,300 - INFO - SUCCESS: backed up: SensibleDots/.git/hooks/pre-rebase.sample -> pre-rebase_20260528_142924.sample
2026-05-28 14:29:24,300 - INFO - SUCCESS: backed up: SensibleDots/.git/hooks/commit-msg.sample -> commit-msg_20260528_142924.sample
2026-05-28 14:29:24,301 - INFO - SUCCESS: backed up: SensibleDots/.git/hooks/pre-applypatch.sample -> pre-applypatch_20260528_142924.sample
2026-05-28 14:29:24,301 - INFO - SUCCESS: backed up: SensibleDots/.git/hooks/applypatch-msg.sample -> applypatch-msg_20260528_142924.sample
2026-05-28 14:29:24,304 - INFO - SUCCESS: backed up: SensibleDots/.git/info/exclude -> exclude_20260528_142924
2026-05-28 14:29:24,305 - INFO - SUCCESS: backed up: SensibleDots/.git/refs/heads/main -> main_20260528_142924
2026-05-28 14:29:24,306 - INFO - SUCCESS: backed up: SensibleDots/.git/refs/remotes/origin/main -> main_20260528_142924
2026-05-28 14:29:24,307 - INFO - SUCCESS: backed up: SensibleDots/.git/refs/remotes/origin/HEAD -> HEAD_20260528_142924
2026-05-28 14:29:24,308 - INFO - SUCCESS: backed up: SensibleDots/.git/objects/dc/d301d86de050f3c7a77be0cf7afac72f77c5a8 -> d301d86de050f3c7a77be0cf7afac72f77c5a8_20260528_142924
2026-05-28 14:29:24,309 - INFO - SUCCESS: backed up: SensibleDots/.git/objects/84/5e09069a49c9da657d0c7ce2cc706096589bf5 -> 5e09069a49c9da657d0c7ce2cc706096589bf5_20260528_142924
2026-05-28 14:29:24,310 - INFO - SUCCESS: backed up: SensibleDots/.git/objects/84/daf69bf147acc79e6dc2d181b1608455b777b7 -> daf69bf147acc79e6dc2d181b1608455b777b7_20260528_142924
2026-05-28 14:29:24,311 - INFO - SUCCESS: backed up: SensibleDots/.git/objects/15/933c99ca2900739239d060bf3fcdfd0dfcec70 -> 933c99ca2900739239d060bf3fcdfd0dfcec70_20260528_142924
2026-05-28 14:29:24,312 - INFO - SUCCESS: backed up: SensibleDots/.git/objects/b5/a529bd7d85962883426e8be99ef7c3747dc3fe -> a529bd7d85962883426e8be99ef7c3747dc3fe_20260528_142924
2026-05-28 14:29:24,313 - INFO - SUCCESS: backed up: SensibleDots/.git/objects/80/8f809e4be7d1c32187763917a9a4aa5cd09d64 -> 8f809e4be7d1c32187763917a9a4aa5cd09d64_20260528_142924
2026-05-28 14:29:24,314 - INFO - SUCCESS: backed up: SensibleDots/.git/objects/d2/92689f9e6954719e47adb64a500014e348bd08 -> 92689f9e6954719e47adb64a500014e348bd08_20260528_142924
2026-05-28 14:29:24,316 - INFO - SUCCESS: backed up: SensibleDots/.git/objects/5f/f93d9fd7e07ed064e738314ba643ee5b7acff0 -> f93d9fd7e07ed064e738314ba643ee5b7acff0_20260528_142924
2026-05-28 14:29:24,317 - INFO - SUCCESS: backed up: SensibleDots/.git/objects/48/e844ffb8bd423d59d9eeebad6a76839f3b98dc -> e844ffb8bd423d59d9eeebad6a76839f3b98dc_20260528_142924
2026-05-28 14:29:24,317 - INFO - SUCCESS: backed up: SensibleDots/.git/objects/8b/21dc0ae35f8cc36d0fb0896b07706a354c8787 -> 21dc0ae35f8cc36d0fb0896b07706a354c8787_20260528_142924
2026-05-28 14:29:24,319 - INFO - SUCCESS: backed up: SensibleDots/.git/objects/bf/bc4169a2de9e2d7e5dcd5a197ca9c43db172dd -> bc4169a2de9e2d7e5dcd5a197ca9c43db172dd_20260528_142924
2026-05-28 14:29:24,320 - INFO - SUCCESS: backed up: SensibleDots/.git/objects/26/1b41b6fa7d1ce8d94f04a7bedbf1107caaef0c -> 1b41b6fa7d1ce8d94f04a7bedbf1107caaef0c_20260528_142924
2026-05-28 14:29:24,320 - INFO - SUCCESS: backed up: SensibleDots/.git/objects/26/b5ad04ffb98c3dba8f7cb99989015a04881637 -> b5ad04ffb98c3dba8f7cb99989015a04881637_20260528_142924
2026-05-28 14:29:24,322 - INFO - SUCCESS: backed up: SensibleDots/.git/objects/e8/19cba2e4db905e9be4ecb635631d3b3397b28c -> 19cba2e4db905e9be4ecb635631d3b3397b28c_20260528_142924
2026-05-28 14:29:24,323 - INFO - SUCCESS: backed up: SensibleDots/.git/objects/e8/88070e4995a4c8a621030b4182a67b4243a8d6 -> 88070e4995a4c8a621030b4182a67b4243a8d6_20260528_142924
2026-05-28 14:29:24,324 - INFO - SUCCESS: backed up: SensibleDots/.git/objects/a2/7e6cef2469607a0392ad7115256db02635d4e4 -> 7e6cef2469607a0392ad7115256db02635d4e4_20260528_142924
2026-05-28 14:29:24,325 - INFO - SUCCESS: backed up: SensibleDots/.git/objects/8d/b6a8baeb6a28d98bb45eee58b73aea01c12fce -> b6a8baeb6a28d98bb45eee58b73aea01c12fce_20260528_142924
2026-05-28 14:29:24,325 - INFO - SUCCESS: backed up: SensibleDots/.git/objects/8d/58af8f18568614c6ed4eb565600eb477e3f0c6 -> 58af8f18568614c6ed4eb565600eb477e3f0c6_20260528_142924
2026-05-28 14:29:24,327 - INFO - SUCCESS: backed up: SensibleDots/.git/objects/c4/e2d52f0666b6f019db21938f1263a68411fa88 -> e2d52f0666b6f019db21938f1263a68411fa88_20260528_142924
2026-05-28 14:29:24,328 - INFO - SUCCESS: backed up: SensibleDots/.git/objects/b3/811917d76b4a803daa48a8134d755b1a009c8c -> 811917d76b4a803daa48a8134d755b1a009c8c_20260528_142924
2026-05-28 14:29:24,329 - INFO - SUCCESS: backed up: SensibleDots/.git/objects/2b/96b6bb3941e8559fe2583d79c53614bae2a17b -> 96b6bb3941e8559fe2583d79c53614bae2a17b_20260528_142924
2026-05-28 14:29:24,330 - INFO - SUCCESS: backed up: SensibleDots/.git/objects/9c/bbe45d0779b5919dbfdd1c02f79db56af4c1db -> bbe45d0779b5919dbfdd1c02f79db56af4c1db_20260528_142924
2026-05-28 14:29:24,331 - INFO - SUCCESS: backed up: SensibleDots/.git/objects/5e/77f335c0005706cc76461cc735adb0798ac4b4 -> 77f335c0005706cc76461cc735adb0798ac4b4_20260528_142924
2026-05-28 14:29:24,331 - INFO - SUCCESS: backed up: SensibleDots/.git/objects/5e/50317a17b5cd345c7f4e6d88bd0b30d013b72b -> 50317a17b5cd345c7f4e6d88bd0b30d013b72b_20260528_142924
2026-05-28 14:29:24,333 - INFO - SUCCESS: backed up: SensibleDots/.git/objects/12/846049f1c10e85c37f35810b328d581d36e06e -> 846049f1c10e85c37f35810b328d581d36e06e_20260528_142924
2026-05-28 14:29:24,335 - INFO - SUCCESS: backed up: SensibleDots/.git/objects/f8/c9c2b465ea0f5f9ba566044110f7cff5408cd6 -> c9c2b465ea0f5f9ba566044110f7cff5408cd6_20260528_142924
2026-05-28 14:29:24,336 - INFO - SUCCESS: backed up: SensibleDots/.git/objects/23/481c88debdca2b5e98b5f33742711b7c2a541b -> 481c88debdca2b5e98b5f33742711b7c2a541b_20260528_142924
2026-05-28 14:29:24,337 - INFO - SUCCESS: backed up: SensibleDots/.git/objects/23/03c929411712fa5d2b42efcdf6f4964da48955 -> 03c929411712fa5d2b42efcdf6f4964da48955_20260528_142924
2026-05-28 14:29:24,337 - INFO - SUCCESS: backed up: SensibleDots/.git/objects/ab/9bbbb332a6ac07d91f23da4d86e6d06d5e6f3d -> 9bbbb332a6ac07d91f23da4d86e6d06d5e6f3d_20260528_142924
2026-05-28 14:29:24,338 - INFO - SUCCESS: backed up: SensibleDots/.git/objects/ab/f5e0d95f6448ccef1f3753c4e53a949d3e6739 -> f5e0d95f6448ccef1f3753c4e53a949d3e6739_20260528_142924
2026-05-28 14:29:24,339 - INFO - SUCCESS: backed up: SensibleDots/.git/objects/65/8f252e9aa63a388119567631c88b6a895d794d -> 8f252e9aa63a388119567631c88b6a895d794d_20260528_142924
2026-05-28 14:29:24,340 - INFO - SUCCESS: backed up: SensibleDots/.git/objects/65/a72e31602bb1eac70c110e3f66f19158b29eeb -> a72e31602bb1eac70c110e3f66f19158b29eeb_20260528_142924
2026-05-28 14:29:24,341 - INFO - SUCCESS: backed up: SensibleDots/.git/objects/a6/bbde6db9e7a4d78e6a9b10145d3269d8a4c293 -> bbde6db9e7a4d78e6a9b10145d3269d8a4c293_20260528_142924
2026-05-28 14:29:24,342 - INFO - SUCCESS: backed up: SensibleDots/.git/objects/14/365baaae9145dd50b80ffea8f4536fcaf78527 -> 365baaae9145dd50b80ffea8f4536fcaf78527_20260528_142924
2026-05-28 14:29:24,343 - INFO - SUCCESS: backed up: SensibleDots/.git/objects/14/428df242aaa8b935a1491fbb77c7e4cf5a9753 -> 428df242aaa8b935a1491fbb77c7e4cf5a9753_20260528_142924
2026-05-28 14:29:24,344 - INFO - SUCCESS: backed up: SensibleDots/.git/objects/fd/033b8f3e823c2fe1bf4fdaad66a76ce926b352 -> 033b8f3e823c2fe1bf4fdaad66a76ce926b352_20260528_142924
2026-05-28 14:29:24,345 - INFO - SUCCESS: backed up: SensibleDots/.git/objects/91/67d3f92c14ebfc776da6587a4aee304b7d1de2 -> 67d3f92c14ebfc776da6587a4aee304b7d1de2_20260528_142924
2026-05-28 14:29:24,345 - INFO - SUCCESS: backed up: SensibleDots/.git/objects/91/c342bb6f19559bde47560c3b8681a183a221b9 -> c342bb6f19559bde47560c3b8681a183a221b9_20260528_142924
2026-05-28 14:29:24,346 - INFO - SUCCESS: backed up: SensibleDots/.git/objects/b9/b21fa9756c222b1c3a2f33192b5caa59e7ecfa -> b21fa9756c222b1c3a2f33192b5caa59e7ecfa_20260528_142924
2026-05-28 14:29:24,348 - INFO - SUCCESS: backed up: SensibleDots/.git/objects/d5/ab5a3aa2dc45787b550358138abc83152feb97 -> ab5a3aa2dc45787b550358138abc83152feb97_20260528_142924
2026-05-28 14:29:24,349 - INFO - SUCCESS: backed up: SensibleDots/.git/objects/72/825fbaee128f206e2885afbca9e7ff95cc8f1d -> 825fbaee128f206e2885afbca9e7ff95cc8f1d_20260528_142924
2026-05-28 14:29:24,351 - INFO - SUCCESS: backed up: SensibleDots/.git/objects/72/07e814f4c9cd9ec3f2a9e39d9f819c8b2f0d02 -> 07e814f4c9cd9ec3f2a9e39d9f819c8b2f0d02_20260528_142924
2026-05-28 14:29:24,352 - INFO - SUCCESS: backed up: SensibleDots/.git/objects/2f/32449ef926ad8f014912f93188ce0ce07c8478 -> 32449ef926ad8f014912f93188ce0ce07c8478_20260528_142924
2026-05-28 14:29:24,353 - INFO - SUCCESS: backed up: SensibleDots/.git/objects/2f/f3348737d43670f38efb61b3a93f1391565715 -> f3348737d43670f38efb61b3a93f1391565715_20260528_142924
2026-05-28 14:29:24,354 - INFO - SUCCESS: backed up: SensibleDots/.git/objects/2f/4e7ce2c3a85cfee93859b9b4c2c7c8933e1622 -> 4e7ce2c3a85cfee93859b9b4c2c7c8933e1622_20260528_142924
2026-05-28 14:29:24,355 - INFO - SUCCESS: backed up: SensibleDots/.git/objects/9d/59c6d8ee9ba8f5fff1177f26b1e27d018a69b0 -> 59c6d8ee9ba8f5fff1177f26b1e27d018a69b0_20260528_142924
2026-05-28 14:29:24,356 - INFO - SUCCESS: backed up: SensibleDots/.git/objects/62/90796fe5e36cafecf272661e572f5dbe2cd16a -> 90796fe5e36cafecf272661e572f5dbe2cd16a_20260528_142924
2026-05-28 14:29:24,357 - INFO - SUCCESS: backed up: SensibleDots/.git/objects/c0/6396e2acf2d8deb8f9a43bd2436222f70941f6 -> 6396e2acf2d8deb8f9a43bd2436222f70941f6_20260528_142924
2026-05-28 14:29:24,358 - INFO - SUCCESS: backed up: SensibleDots/.git/objects/79/f44ea0ff6f42be57134e3160b12da2f1ffc613 -> f44ea0ff6f42be57134e3160b12da2f1ffc613_20260528_142924
2026-05-28 14:29:24,359 - INFO - SUCCESS: backed up: SensibleDots/.git/objects/79/b1abd73bef2db4bab0bdf5db9353a7a9b1ee17 -> b1abd73bef2db4bab0bdf5db9353a7a9b1ee17_20260528_142924
2026-05-28 14:29:24,359 - INFO - SUCCESS: backed up: SensibleDots/.git/objects/e5/b372689c11aa17ae7e7ba70186c6c21e593dc8 -> b372689c11aa17ae7e7ba70186c6c21e593dc8_20260528_142924
2026-05-28 14:29:24,360 - INFO - SUCCESS: backed up: SensibleDots/.git/objects/e5/d88d6254c7aa1e07d018fb98ffb924a6012f73 -> d88d6254c7aa1e07d018fb98ffb924a6012f73_20260528_142924
2026-05-28 14:29:24,361 - INFO - SUCCESS: backed up: SensibleDots/.git/objects/64/7d6ceb7b8b13c7a7654d631b0e2a9d310f1f4b -> 7d6ceb7b8b13c7a7654d631b0e2a9d310f1f4b_20260528_142924
2026-05-28 14:29:24,362 - INFO - SUCCESS: backed up: SensibleDots/.git/objects/59/3647d8411c92635e9377d70644d8f68e15b428 -> 3647d8411c92635e9377d70644d8f68e15b428_20260528_142924
2026-05-28 14:29:24,363 - INFO - SUCCESS: backed up: SensibleDots/.git/objects/eb/f23dd218e01b776430a926fbf77413a4700b30 -> f23dd218e01b776430a926fbf77413a4700b30_20260528_142924
2026-05-28 14:29:24,363 - INFO - SUCCESS: backed up: SensibleDots/.git/objects/eb/71ec8a820507f4a55751a3e0da3bba257ee981 -> 71ec8a820507f4a55751a3e0da3bba257ee981_20260528_142924
2026-05-28 14:29:24,364 - INFO - SUCCESS: backed up: SensibleDots/.git/objects/a8/e2f54896aaf57b1bcd2e3fa95dc8fe24acbf65 -> e2f54896aaf57b1bcd2e3fa95dc8fe24acbf65_20260528_142924
2026-05-28 14:29:24,365 - INFO - SUCCESS: backed up: SensibleDots/.git/objects/a8/3f1d8f013c85d4a0fcad0df9e4b37dd7be1bed -> 3f1d8f013c85d4a0fcad0df9e4b37dd7be1bed_20260528_142924
2026-05-28 14:29:24,366 - INFO - SUCCESS: backed up: SensibleDots/.git/objects/29/98169d73889127f38ab0c488d9689343a55e70 -> 98169d73889127f38ab0c488d9689343a55e70_20260528_142924
2026-05-28 14:29:24,367 - INFO - SUCCESS: backed up: SensibleDots/.git/objects/29/fa9c47ff86fe959d7b0b9098186224cbc09f9b -> fa9c47ff86fe959d7b0b9098186224cbc09f9b_20260528_142924
2026-05-28 14:29:24,367 - INFO - SUCCESS: backed up: SensibleDots/.git/objects/29/4b45683b0d4168eae6958d875481f39d56e39a -> 4b45683b0d4168eae6958d875481f39d56e39a_20260528_142924
2026-05-28 14:29:24,369 - INFO - SUCCESS: backed up: SensibleDots/.git/objects/0b/67cf8c4512786544610b5e0a98fa62c2088588 -> 67cf8c4512786544610b5e0a98fa62c2088588_20260528_142924
2026-05-28 14:29:24,370 - INFO - SUCCESS: backed up: SensibleDots/.git/objects/0b/d1d8c2b9011725250c747ade19e8071b1b2d4e -> d1d8c2b9011725250c747ade19e8071b1b2d4e_20260528_142924
2026-05-28 14:29:24,370 - INFO - SUCCESS: backed up: SensibleDots/.git/objects/0b/ac08b55122a858da655eb8b942f9d297c7c226 -> ac08b55122a858da655eb8b942f9d297c7c226_20260528_142924
2026-05-28 14:29:24,371 - INFO - SUCCESS: backed up: SensibleDots/.git/objects/51/679eea7a0f56ac67eddd0f02e06286611fd1c9 -> 679eea7a0f56ac67eddd0f02e06286611fd1c9_20260528_142924
2026-05-28 14:29:24,372 - INFO - SUCCESS: backed up: SensibleDots/.git/objects/92/e996a5740fcfde873de8b0428dfecf9aaf374e -> e996a5740fcfde873de8b0428dfecf9aaf374e_20260528_142924
2026-05-28 14:29:24,373 - INFO - SUCCESS: backed up: SensibleDots/.git/objects/92/f08edffa5cc06006ec3446153ba9927f2379a8 -> f08edffa5cc06006ec3446153ba9927f2379a8_20260528_142924
2026-05-28 14:29:24,374 - INFO - SUCCESS: backed up: SensibleDots/.git/objects/7c/c4aeacac9fc4e49eaa484f6fa73bebd930a7a2 -> c4aeacac9fc4e49eaa484f6fa73bebd930a7a2_20260528_142924
2026-05-28 14:29:24,375 - INFO - SUCCESS: backed up: SensibleDots/.git/objects/7a/c853dcd70e5a01cfe9fae102584cbbba7846e3 -> c853dcd70e5a01cfe9fae102584cbbba7846e3_20260528_142924
2026-05-28 14:29:24,377 - INFO - SUCCESS: backed up: SensibleDots/.git/objects/19/c49c69f5bb9e7864427ae03942684daf183050 -> c49c69f5bb9e7864427ae03942684daf183050_20260528_142924
2026-05-28 14:29:24,378 - INFO - SUCCESS: backed up: SensibleDots/.git/objects/81/c714115b8593254c679d17de4eaa9d0c302279 -> c714115b8593254c679d17de4eaa9d0c302279_20260528_142924
2026-05-28 14:29:24,379 - INFO - SUCCESS: backed up: SensibleDots/.git/objects/b0/a9a0c3ebbb64caf2e480deb4d2d7cd7c615133 -> a9a0c3ebbb64caf2e480deb4d2d7cd7c615133_20260528_142924
2026-05-28 14:29:24,380 - INFO - SUCCESS: backed up: SensibleDots/.git/objects/8f/27df5c5cf6a8b5b1e14e16118fc07a8ca774bf -> 27df5c5cf6a8b5b1e14e16118fc07a8ca774bf_20260528_142924
2026-05-28 14:29:24,381 - INFO - SUCCESS: backed up: SensibleDots/.git/objects/06/5616b6db6bd3571f7f1dc24e517b6acf1d9acb -> 5616b6db6bd3571f7f1dc24e517b6acf1d9acb_20260528_142924
2026-05-28 14:29:24,381 - INFO - SUCCESS: backed up: SensibleDots/.git/objects/e6/47d3f7dd52fa132f89105ffe940b8d053e9161 -> 47d3f7dd52fa132f89105ffe940b8d053e9161_20260528_142924
2026-05-28 14:29:24,382 - INFO - SUCCESS: backed up: SensibleDots/.git/objects/e6/8a329822d8f64612e45c20fa8304487e347788 -> 8a329822d8f64612e45c20fa8304487e347788_20260528_142924
2026-05-28 14:29:24,383 - INFO - SUCCESS: backed up: SensibleDots/.git/objects/af/9b95e18c3644b5ac69b7ba35732b77fe24f67b -> 9b95e18c3644b5ac69b7ba35732b77fe24f67b_20260528_142924
2026-05-28 14:29:24,384 - INFO - SUCCESS: backed up: SensibleDots/.git/objects/ae/0615352cde591f43051ae49a55df9c89b257c8 -> 0615352cde591f43051ae49a55df9c89b257c8_20260528_142924
2026-05-28 14:29:24,385 - INFO - SUCCESS: backed up: SensibleDots/.git/objects/ae/ffca990a7323de9903cbf0cd415f1b52590ef3 -> ffca990a7323de9903cbf0cd415f1b52590ef3_20260528_142924
2026-05-28 14:29:24,386 - INFO - SUCCESS: backed up: SensibleDots/.git/objects/16/6648538e7ba13b91a022e3edf729179ad33710 -> 6648538e7ba13b91a022e3edf729179ad33710_20260528_142924
2026-05-28 14:29:24,387 - INFO - SUCCESS: backed up: SensibleDots/.git/objects/1d/5ec768e171dd5162d39e00a0ffcfb57f3436d8 -> 5ec768e171dd5162d39e00a0ffcfb57f3436d8_20260528_142924
2026-05-28 14:29:24,388 - INFO - SUCCESS: backed up: SensibleDots/.git/objects/52/511f9e9d9ab93e3db795afdf7501f9d6b85f66 -> 511f9e9d9ab93e3db795afdf7501f9d6b85f66_20260528_142924
2026-05-28 14:29:24,389 - INFO - SUCCESS: backed up: SensibleDots/.git/objects/pack/pack-76fa476a9e6e9c71f813cb4d7b6ea81bf7ee4eb1.idx -> pack-76fa476a9e6e9c71f813cb4d7b6ea81bf7ee4eb1_20260528_142924.idx
2026-05-28 14:29:24,393 - INFO - SUCCESS: backed up: SensibleDots/.git/objects/pack/pack-76fa476a9e6e9c71f813cb4d7b6ea81bf7ee4eb1.pack -> pack-76fa476a9e6e9c71f813cb4d7b6ea81bf7ee4eb1_20260528_142924.pack
2026-05-28 14:29:24,394 - INFO - SUCCESS: backed up: SensibleDots/.git/objects/pack/pack-76fa476a9e6e9c71f813cb4d7b6ea81bf7ee4eb1.rev -> pack-76fa476a9e6e9c71f813cb4d7b6ea81bf7ee4eb1_20260528_142924.rev
2026-05-28 14:29:24,395 - INFO - SUCCESS: backed up: SensibleDots/.git/objects/36/6ed513f5bc931234fd01838efea1d11bfac01e -> 6ed513f5bc931234fd01838efea1d11bfac01e_20260528_142924
2026-05-28 14:29:24,396 - INFO - SUCCESS: backed up: SensibleDots/.git/objects/54/d39221140ac0c3d33de47b98abc7d8a07b7b1d -> d39221140ac0c3d33de47b98abc7d8a07b7b1d_20260528_142924
2026-05-28 14:29:24,397 - INFO - SUCCESS: backed up: SensibleDots/.git/objects/04/237eee9464f4f1710be5b983d7065a6fba4c4b -> 237eee9464f4f1710be5b983d7065a6fba4c4b_20260528_142924
2026-05-28 14:29:24,398 - INFO - SUCCESS: backed up: SensibleDots/.git/objects/9b/34de869a00819c71d2946441095d021d177c07 -> 34de869a00819c71d2946441095d021d177c07_20260528_142924
2026-05-28 14:29:24,398 - INFO - SUCCESS: backed up: SensibleDots/.git/objects/9b/f6a85105d51671c62b7d3c9d63dc74dfd29102 -> f6a85105d51671c62b7d3c9d63dc74dfd29102_20260528_142924
2026-05-28 14:29:24,400 - INFO - SUCCESS: backed up: SensibleDots/.git/objects/13/571c055f41678334fda1d34a065a8ac0654f43 -> 571c055f41678334fda1d34a065a8ac0654f43_20260528_142924
2026-05-28 14:29:24,400 - INFO - SUCCESS: backed up: SensibleDots/.git/objects/83/937917af4f781dcaa5736a42466042a52428a7 -> 937917af4f781dcaa5736a42466042a52428a7_20260528_142924
2026-05-28 14:29:24,401 - INFO - SUCCESS: backed up: SensibleDots/.git/objects/cb/331fc417591db882b6335fac1fd33ff2a623ae -> 331fc417591db882b6335fac1fd33ff2a623ae_20260528_142924
2026-05-28 14:29:24,402 - INFO - SUCCESS: backed up: SensibleDots/.git/objects/33/e42c7c6c3a3deedec1d75970e93864fcee79de -> e42c7c6c3a3deedec1d75970e93864fcee79de_20260528_142924
2026-05-28 14:29:24,403 - INFO - SUCCESS: backed up: SensibleDots/.git/objects/33/985883b02877831fec23ae62be28e0c46ee535 -> 985883b02877831fec23ae62be28e0c46ee535_20260528_142924
2026-05-28 14:29:24,404 - INFO - SUCCESS: backed up: SensibleDots/.git/objects/35/ec06bda549eb223401ec5f2a778812dea4aa19 -> ec06bda549eb223401ec5f2a778812dea4aa19_20260528_142924
2026-05-28 14:29:24,404 - INFO - SUCCESS: backed up: SensibleDots/.git/objects/35/26c394264b6f47b3293426bd3ad9edd19ec656 -> 26c394264b6f47b3293426bd3ad9edd19ec656_20260528_142924
2026-05-28 14:29:24,405 - INFO - SUCCESS: backed up: SensibleDots/.git/objects/ac/c8cb8c960722f6647732ecc03c98ccefee103b -> c8cb8c960722f6647732ecc03c98ccefee103b_20260528_142924
2026-05-28 14:29:24,406 - INFO - SUCCESS: backed up: SensibleDots/.git/objects/be/69868cfc2bd0cb36ead4452bc332367a693908 -> 69868cfc2bd0cb36ead4452bc332367a693908_20260528_142924
2026-05-28 14:29:24,407 - INFO - SUCCESS: backed up: SensibleDots/.git/objects/0f/3442209d5dc05b847a118e10530ececea88a8d -> 3442209d5dc05b847a118e10530ececea88a8d_20260528_142924
2026-05-28 14:29:24,407 - INFO - SUCCESS: backed up: SensibleDots/.git/objects/0f/383727ff2e3d0e527a6bf7c8e9443bdaa945b7 -> 383727ff2e3d0e527a6bf7c8e9443bdaa945b7_20260528_142924
2026-05-28 14:29:24,409 - INFO - SUCCESS: backed up: SensibleDots/.git/objects/38/9623e08710a92c833560fa0a55dc9212da6384 -> 9623e08710a92c833560fa0a55dc9212da6384_20260528_142924
2026-05-28 14:29:24,410 - INFO - SUCCESS: backed up: SensibleDots/.git/objects/75/08a76bed8cca034029b04f582a4d80afa0d009 -> 08a76bed8cca034029b04f582a4d80afa0d009_20260528_142924
2026-05-28 14:29:24,411 - INFO - SUCCESS: backed up: SensibleDots/.git/objects/75/47e5ffce14e93340e2d3a06b2158d3ffb3273e -> 47e5ffce14e93340e2d3a06b2158d3ffb3273e_20260528_142924
2026-05-28 14:29:24,412 - INFO - SUCCESS: backed up: SensibleDots/.git/objects/3a/ae151758e12b092d67339612b5609976a628c4 -> ae151758e12b092d67339612b5609976a628c4_20260528_142924
2026-05-28 14:29:24,413 - INFO - SUCCESS: backed up: SensibleDots/.git/objects/d7/27e1b91b61a9dd2dab0761e09fa693bb23f8ed -> 27e1b91b61a9dd2dab0761e09fa693bb23f8ed_20260528_142924
2026-05-28 14:29:24,414 - INFO - SUCCESS: backed up: SensibleDots/.git/objects/d7/2518cfcdbb3a432871c6022df28dedcbaa7dde -> 2518cfcdbb3a432871c6022df28dedcbaa7dde_20260528_142924
2026-05-28 14:29:24,415 - INFO - SUCCESS: backed up: SensibleDots/.git/objects/d7/df9c2c519671d10c72769ded99408e39c4839f -> df9c2c519671d10c72769ded99408e39c4839f_20260528_142924
2026-05-28 14:29:24,415 - INFO - SUCCESS: backed up: SensibleDots/.git/objects/dd/a8a2e546a4180d2b946b410145ae20b1bf0ced -> a8a2e546a4180d2b946b410145ae20b1bf0ced_20260528_142924
2026-05-28 14:29:24,416 - INFO - SUCCESS: backed up: SensibleDots/.git/objects/4f/f83df93f65708583f66f180274b9ce10264c06 -> f83df93f65708583f66f180274b9ce10264c06_20260528_142924
2026-05-28 14:29:24,417 - INFO - SUCCESS: backed up: SensibleDots/.git/objects/1e/383d4e5a7424e503ee9edf0ca6a48445c02a40 -> 383d4e5a7424e503ee9edf0ca6a48445c02a40_20260528_142924
2026-05-28 14:29:24,418 - INFO - SUCCESS: backed up: SensibleDots/.git/objects/1e/49f2758c3b1e58534c55a0f59763cc279b0033 -> 49f2758c3b1e58534c55a0f59763cc279b0033_20260528_142924
2026-05-28 14:29:24,418 - INFO - SUCCESS: backed up: SensibleDots/.git/objects/1e/faf57cafeca10485a734cfcfa3073d9c0636e2 -> faf57cafeca10485a734cfcfa3073d9c0636e2_20260528_142924
2026-05-28 14:29:24,419 - INFO - SUCCESS: backed up: SensibleDots/.git/objects/66/c6c027a51a62a3cca8aff037cf165c075ef886 -> c6c027a51a62a3cca8aff037cf165c075ef886_20260528_142924
2026-05-28 14:29:24,420 - INFO - SUCCESS: backed up: SensibleDots/.git/objects/ec/d853f3d1fbdce3e74983a88b5112981eacc0c9 -> d853f3d1fbdce3e74983a88b5112981eacc0c9_20260528_142924
2026-05-28 14:29:24,420 - INFO - SUCCESS: backed up: SensibleDots/.git/objects/ec/4df424d9103ae454e2b455cc464b35aa3df5e9 -> 4df424d9103ae454e2b455cc464b35aa3df5e9_20260528_142924
2026-05-28 14:29:24,421 - INFO - SUCCESS: backed up: SensibleDots/.git/objects/6c/760ab3a935e09d2b6c25d142c7140547f24c43 -> 760ab3a935e09d2b6c25d142c7140547f24c43_20260528_142924
2026-05-28 14:29:24,422 - INFO - SUCCESS: backed up: SensibleDots/.git/objects/6c/3fc0bc9f7a05fabb2998714108d668903a804b -> 3fc0bc9f7a05fabb2998714108d668903a804b_20260528_142924
2026-05-28 14:29:24,423 - INFO - SUCCESS: backed up: SensibleDots/.git/objects/6c/d4db348105e831b52f4aa385081245212111b7 -> d4db348105e831b52f4aa385081245212111b7_20260528_142924
2026-05-28 14:29:24,424 - INFO - SUCCESS: backed up: SensibleDots/.git/objects/98/23e04f76e18ac1aafd5b3d1207c9cadb5323c7 -> 23e04f76e18ac1aafd5b3d1207c9cadb5323c7_20260528_142924
2026-05-28 14:29:24,424 - INFO - SUCCESS: backed up: SensibleDots/.git/objects/d9/114915f84cb6b0a56a4e41107b9da693630892 -> 114915f84cb6b0a56a4e41107b9da693630892_20260528_142924
2026-05-28 14:29:24,425 - INFO - SUCCESS: backed up: SensibleDots/.git/objects/d9/1a5db989fe10e07d9357d70db47a5fa72f43f0 -> 1a5db989fe10e07d9357d70db47a5fa72f43f0_20260528_142924
2026-05-28 14:29:24,426 - INFO - SUCCESS: backed up: SensibleDots/.git/objects/c7/1dd1c8a903e037f24ac7bb0aa5e43812be3161 -> 1dd1c8a903e037f24ac7bb0aa5e43812be3161_20260528_142924
2026-05-28 14:29:24,427 - INFO - SUCCESS: backed up: SensibleDots/.git/objects/39/45b0edd480fd349e08b4c0ee72d8465264726f -> 45b0edd480fd349e08b4c0ee72d8465264726f_20260528_142924
2026-05-28 14:29:24,428 - INFO - SUCCESS: backed up: SensibleDots/.git/objects/a5/216743763a0208166df034f62fbbf614247b65 -> 216743763a0208166df034f62fbbf614247b65_20260528_142924
2026-05-28 14:29:24,428 - INFO - SUCCESS: backed up: SensibleDots/.git/objects/a5/9fee61172eb71d745769748aee04c5acbd7fd8 -> 9fee61172eb71d745769748aee04c5acbd7fd8_20260528_142924
2026-05-28 14:29:24,429 - INFO - SUCCESS: backed up: SensibleDots/.git/objects/5a/7b7e76392eba55d6e02b9a62d4bf07dedd57e7 -> 7b7e76392eba55d6e02b9a62d4bf07dedd57e7_20260528_142924
2026-05-28 14:29:24,430 - INFO - SUCCESS: backed up: SensibleDots/.git/objects/5a/c25d05f9d55881c9b851bad92533814ab9bf1c -> c25d05f9d55881c9b851bad92533814ab9bf1c_20260528_142924
2026-05-28 14:29:24,431 - INFO - SUCCESS: backed up: SensibleDots/.git/objects/3b/f496a187c1203ec4f0ac35d3a2f299f299eaaf -> f496a187c1203ec4f0ac35d3a2f299f299eaaf_20260528_142924
2026-05-28 14:29:24,432 - INFO - SUCCESS: backed up: SensibleDots/.git/objects/3b/0c2e3e0c767e7510b7d5cceee3804de2411525 -> 0c2e3e0c767e7510b7d5cceee3804de2411525_20260528_142924
2026-05-28 14:29:24,433 - INFO - SUCCESS: backed up: SensibleDots/.git/objects/7d/c839227d86aa7768c50e13078a2d060bb44f45 -> c839227d86aa7768c50e13078a2d060bb44f45_20260528_142924
2026-05-28 14:29:24,434 - INFO - SUCCESS: backed up: SensibleDots/.git/objects/7d/6a5ad04f06bd32ec23208e24adcb31a9bcae33 -> 6a5ad04f06bd32ec23208e24adcb31a9bcae33_20260528_142924
2026-05-28 14:29:24,435 - INFO - SUCCESS: backed up: SensibleDots/.git/objects/f0/c77c9015d0f6bc4603f5e3135c17bf03b9e6e9 -> c77c9015d0f6bc4603f5e3135c17bf03b9e6e9_20260528_142924
2026-05-28 14:29:24,435 - INFO - SUCCESS: backed up: SensibleDots/.git/objects/d4/310317926b9f52db33e3071ec398896878ae88 -> 310317926b9f52db33e3071ec398896878ae88_20260528_142924
2026-05-28 14:29:24,436 - INFO - SUCCESS: backed up: SensibleDots/.git/objects/d4/19037e17b3167fd4aa1a850ce6d1f5dee99d48 -> 19037e17b3167fd4aa1a850ce6d1f5dee99d48_20260528_142924
2026-05-28 14:29:24,437 - INFO - SUCCESS: backed up: SensibleDots/.git/objects/d4/54038777c28d4a890bc28980549f7df236b439 -> 54038777c28d4a890bc28980549f7df236b439_20260528_142924
2026-05-28 14:29:24,437 - INFO - SUCCESS: backed up: SensibleDots/.git/objects/d4/86ebb4347c9636a89403e749210323577b5efe -> 86ebb4347c9636a89403e749210323577b5efe_20260528_142924
2026-05-28 14:29:24,439 - INFO - SUCCESS: backed up: SensibleDots/.git/objects/07/c4c0c9ce816ab300f1cc7c3e6fa8ab864a4f8f -> c4c0c9ce816ab300f1cc7c3e6fa8ab864a4f8f_20260528_142924
2026-05-28 14:29:24,440 - INFO - SUCCESS: backed up: SensibleDots/.git/objects/2d/c901b1cd30b3dd7afc76fd282ed409e949b1b4 -> c901b1cd30b3dd7afc76fd282ed409e949b1b4_20260528_142924
2026-05-28 14:29:24,441 - INFO - SUCCESS: backed up: SensibleDots/.git/objects/f6/0cfee2d5dcf5f24eab899825478fd5d0a4e4d7 -> 0cfee2d5dcf5f24eab899825478fd5d0a4e4d7_20260528_142924
2026-05-28 14:29:24,443 - INFO - SUCCESS: backed up: SensibleDots/.git/objects/cd/fd38a14a0ed988442f7997418fcfd3e7983c60 -> fd38a14a0ed988442f7997418fcfd3e7983c60_20260528_142924
2026-05-28 14:29:24,444 - INFO - SUCCESS: backed up: SensibleDots/.git/objects/0c/654cc2e109d0153b3551a0bb0e8bb57b24f742 -> 654cc2e109d0153b3551a0bb0e8bb57b24f742_20260528_142924
2026-05-28 14:29:24,444 - INFO - SUCCESS: backed up: SensibleDots/.git/objects/0c/a18b5cfce8652408ebcc063b8e6fd2da3f370b -> a18b5cfce8652408ebcc063b8e6fd2da3f370b_20260528_142924
2026-05-28 14:29:24,447 - INFO - SUCCESS: backed up: SensibleDots/.git/objects/08/b67c3f49f647cde6b2c1ed79108826d986cd24 -> b67c3f49f647cde6b2c1ed79108826d986cd24_20260528_142924
2026-05-28 14:29:24,448 - INFO - SUCCESS: backed up: SensibleDots/.git/objects/44/0021d8cbc17d701d77956283fbdf7dd19e442c -> 0021d8cbc17d701d77956283fbdf7dd19e442c_20260528_142924
2026-05-28 14:29:24,448 - INFO - SUCCESS: backed up: SensibleDots/.git/objects/44/fbdf1234227dc61e9f6bafdb9d851f27632999 -> fbdf1234227dc61e9f6bafdb9d851f27632999_20260528_142924
2026-05-28 14:29:24,449 - INFO - SUCCESS: backed up: SensibleDots/.git/objects/df/602fdc95250b9b0e0699a2b73a9aeb7d94f39f -> 602fdc95250b9b0e0699a2b73a9aeb7d94f39f_20260528_142924
2026-05-28 14:29:24,450 - INFO - SUCCESS: backed up: SensibleDots/.git/objects/c8/db16c747ce10f950bafb6a1548a6c142a55e77 -> db16c747ce10f950bafb6a1548a6c142a55e77_20260528_142924
2026-05-28 14:29:24,451 - INFO - SUCCESS: backed up: SensibleDots/.git/objects/77/8a5fb02efd02ee7124f0a3ae9c442bd79ae304 -> 8a5fb02efd02ee7124f0a3ae9c442bd79ae304_20260528_142924
2026-05-28 14:29:24,451 - INFO - SUCCESS: backed up: SensibleDots/.git/objects/77/f5f6322db59e3324d84b0132d7735014c61423 -> f5f6322db59e3324d84b0132d7735014c61423_20260528_142924
2026-05-28 14:29:24,452 - INFO - SUCCESS: backed up: SensibleDots/.git/objects/bb/c9df0e31a3a6f43693ab69e7033383ebed947c -> c9df0e31a3a6f43693ab69e7033383ebed947c_20260528_142924
2026-05-28 14:29:24,453 - INFO - SUCCESS: backed up: SensibleDots/.git/objects/bb/58357bfbc00aa2cd87aa81ca716b29643f74e5 -> 58357bfbc00aa2cd87aa81ca716b29643f74e5_20260528_142924
2026-05-28 14:29:24,453 - INFO - SUCCESS: backed up: SensibleDots/.git/objects/a1/ae67b9905b02538edd6b4709bb508ba36e46bd -> ae67b9905b02538edd6b4709bb508ba36e46bd_20260528_142924
2026-05-28 14:29:24,454 - INFO - SUCCESS: backed up: SensibleDots/.git/objects/a1/ad7096ef47b4b55c59b82139b29cd32806507f -> ad7096ef47b4b55c59b82139b29cd32806507f_20260528_142924
2026-05-28 14:29:24,455 - INFO - SUCCESS: backed up: SensibleDots/.git/objects/60/6c294a75c8af39685281f1b5631ad78d08fbc0 -> 6c294a75c8af39685281f1b5631ad78d08fbc0_20260528_142924
2026-05-28 14:29:24,456 - INFO - SUCCESS: backed up: SensibleDots/.git/objects/74/610ffbd74ae85a6f9e9f77d40da4706366f65a -> 610ffbd74ae85a6f9e9f77d40da4706366f65a_20260528_142924
2026-05-28 14:29:24,457 - INFO - SUCCESS: backed up: SensibleDots/.git/objects/1f/add8f6af73315b99e172310a81a0ed9a53db95 -> add8f6af73315b99e172310a81a0ed9a53db95_20260528_142924
2026-05-28 14:29:24,457 - INFO - SUCCESS: backed up: SensibleDots/.git/objects/1f/0df551f81b498350e160696b081ba9fb971532 -> 0df551f81b498350e160696b081ba9fb971532_20260528_142924
2026-05-28 14:29:24,458 - INFO - SUCCESS: backed up: SensibleDots/.git/objects/1f/e1d229b46b3a4b49f4781a4d87263e99476926 -> e1d229b46b3a4b49f4781a4d87263e99476926_20260528_142924
2026-05-28 14:29:24,459 - INFO - SUCCESS: backed up: SensibleDots/.git/objects/1f/ce2180e3cac97eac880d0042d3d61246bed07e -> ce2180e3cac97eac880d0042d3d61246bed07e_20260528_142924
2026-05-28 14:29:24,460 - INFO - SUCCESS: backed up: SensibleDots/.git/objects/0e/129d0d7066d3c419a659b5dc1c4eb19649185d -> 129d0d7066d3c419a659b5dc1c4eb19649185d_20260528_142924
2026-05-28 14:29:24,461 - INFO - SUCCESS: backed up: SensibleDots/.git/objects/0e/9d7ae4d09328740098ae04bb0bb568f15a2980 -> 9d7ae4d09328740098ae04bb0bb568f15a2980_20260528_142924
2026-05-28 14:29:24,461 - INFO - SUCCESS: backed up: SensibleDots/.git/objects/0e/ff95d4219dd62c8577ce95a107d48ef7d26e6b -> ff95d4219dd62c8577ce95a107d48ef7d26e6b_20260528_142924
2026-05-28 14:29:24,462 - INFO - SUCCESS: backed up: SensibleDots/.git/objects/99/41e20b9b1c308a3afb0383f93ed99d7ae3c8ab -> 41e20b9b1c308a3afb0383f93ed99d7ae3c8ab_20260528_142924
2026-05-28 14:29:24,463 - INFO - SUCCESS: backed up: SensibleDots/.git/objects/4c/464056f4e3a47babecb4e73f1eb305c5bae333 -> 464056f4e3a47babecb4e73f1eb305c5bae333_20260528_142924
2026-05-28 14:29:24,464 - INFO - SUCCESS: backed up: SensibleDots/.git/objects/c9/1c74b1f473aab5ece85dc67c52cfd180bbced5 -> 1c74b1f473aab5ece85dc67c52cfd180bbced5_20260528_142924
2026-05-28 14:29:24,465 - INFO - SUCCESS: backed up: SensibleDots/.git/objects/6f/2108aaab91857ecdc89e781441183c6dfa7480 -> 2108aaab91857ecdc89e781441183c6dfa7480_20260528_142924
2026-05-28 14:29:24,466 - INFO - SUCCESS: backed up: SensibleDots/.git/objects/fa/df459da2fc54b37518c021458889d7d4013375 -> df459da2fc54b37518c021458889d7d4013375_20260528_142924
2026-05-28 14:29:24,467 - INFO - SUCCESS: backed up: SensibleDots/.git/objects/a0/a7abf0604feeec09652439af3b7188119fd1da -> a7abf0604feeec09652439af3b7188119fd1da_20260528_142924
2026-05-28 14:29:24,468 - INFO - SUCCESS: backed up: SensibleDots/.git/objects/cc/1de10f4754811b4410515c12c4390772670711 -> 1de10f4754811b4410515c12c4390772670711_20260528_142924
2026-05-28 14:29:24,469 - INFO - SUCCESS: backed up: SensibleDots/.git/objects/d3/ae92f22262315ab929955b4160c7e22f75610f -> ae92f22262315ab929955b4160c7e22f75610f_20260528_142924
2026-05-28 14:29:24,469 - INFO - SUCCESS: backed up: SensibleDots/.git/objects/c6/5e8d9e9c6bb9a0d98f08bfb249af23f95e75e5 -> 5e8d9e9c6bb9a0d98f08bfb249af23f95e75e5_20260528_142924
2026-05-28 14:29:24,470 - INFO - SUCCESS: backed up: SensibleDots/.git/objects/49/95a4383a2fdb99818111d1f92ea760544edda4 -> 95a4383a2fdb99818111d1f92ea760544edda4_20260528_142924
2026-05-28 14:29:24,471 - INFO - SUCCESS: backed up: SensibleDots/.git/objects/49/c681cdae40a8f885f79ba6cb5d8ee8725e966a -> c681cdae40a8f885f79ba6cb5d8ee8725e966a_20260528_142924
2026-05-28 14:29:24,472 - INFO - SUCCESS: backed up: SensibleDots/.git/objects/1a/08a7555219ad70f4426376910365fa9fe898af -> 08a7555219ad70f4426376910365fa9fe898af_20260528_142924
2026-05-28 14:29:24,473 - INFO - SUCCESS: backed up: SensibleDots/.git/objects/da/ded6defc45ac6049d2f250b2a09df5459e69ec -> ded6defc45ac6049d2f250b2a09df5459e69ec_20260528_142924
2026-05-28 14:29:24,475 - INFO - SUCCESS: backed up: SensibleDots/.git/objects/da/a991793b7912e9ef96187a592de1b63703adfe -> a991793b7912e9ef96187a592de1b63703adfe_20260528_142924
2026-05-28 14:29:24,476 - INFO - SUCCESS: backed up: SensibleDots/.git/objects/27/1fc5f95a19af3ac978addc0e7eb357edf8c4b9 -> 1fc5f95a19af3ac978addc0e7eb357edf8c4b9_20260528_142924
2026-05-28 14:29:24,477 - INFO - SUCCESS: backed up: SensibleDots/.git/objects/e3/f78eb45457e88e1a58d7633c57f4e70790a85c -> f78eb45457e88e1a58d7633c57f4e70790a85c_20260528_142924
2026-05-28 14:29:24,478 - INFO - SUCCESS: backed up: SensibleDots/.git/objects/e3/712d6c38112c1b9020317d3b1553a469e1de44 -> 712d6c38112c1b9020317d3b1553a469e1de44_20260528_142924
2026-05-28 14:29:24,479 - INFO - SUCCESS: backed up: SensibleDots/.git/objects/56/acf7720c0443147120c607e21322db0e9cbd21 -> acf7720c0443147120c607e21322db0e9cbd21_20260528_142924
2026-05-28 14:29:24,479 - INFO - SUCCESS: backed up: SensibleDots/.git/objects/56/0f9b7076c074b082258649b285afd6f11f167f -> 0f9b7076c074b082258649b285afd6f11f167f_20260528_142924
2026-05-28 14:29:24,480 - INFO - SUCCESS: backed up: SensibleDots/.git/objects/6b/0e33bef63c453c5db6ec9f991ca3226eaf2e79 -> 0e33bef63c453c5db6ec9f991ca3226eaf2e79_20260528_142924
2026-05-28 14:29:24,481 - INFO - SUCCESS: backed up: SensibleDots/.git/objects/f7/efee0c47c6170b8772c9cee8c2bb13a4514490 -> efee0c47c6170b8772c9cee8c2bb13a4514490_20260528_142924
2026-05-28 14:29:24,482 - INFO - SUCCESS: backed up: SensibleDots/.git/objects/71/554e78b253b92dbba47a88e2c4e723d483d3f7 -> 554e78b253b92dbba47a88e2c4e723d483d3f7_20260528_142924
2026-05-28 14:29:24,483 - INFO - SUCCESS: backed up: SensibleDots/.git/objects/43/c97385012bcfe2217629bcf0103fa990a41092 -> c97385012bcfe2217629bcf0103fa990a41092_20260528_142924
2026-05-28 14:29:24,483 - INFO - SUCCESS: backed up: SensibleDots/.git/objects/43/e397327be53872d35c8f272d0a6ba696551110 -> e397327be53872d35c8f272d0a6ba696551110_20260528_142924
2026-05-28 14:29:24,485 - INFO - SUCCESS: backed up: SensibleDots/.git/objects/70/fc534483ea9439ca312e9e03d1db53616c73cd -> fc534483ea9439ca312e9e03d1db53616c73cd_20260528_142924
2026-05-28 14:29:24,486 - INFO - SUCCESS: backed up: SensibleDots/.git/objects/55/e992169ebc7e956daf69298fe82280a8d4c383 -> e992169ebc7e956daf69298fe82280a8d4c383_20260528_142924
2026-05-28 14:29:24,486 - INFO - SUCCESS: backed up: SensibleDots/.git/objects/b8/91a63e34f75379b1f0b0f799769040d8fd5f6f -> 91a63e34f75379b1f0b0f799769040d8fd5f6f_20260528_142924
2026-05-28 14:29:24,487 - INFO - SUCCESS: backed up: SensibleDots/.git/objects/93/a2ed49dd0820dbb8b758e72442d29f49d16157 -> a2ed49dd0820dbb8b758e72442d29f49d16157_20260528_142924
2026-05-28 14:29:24,488 - INFO - SUCCESS: backed up: SensibleDots/.git/objects/50/de6168258c915d2ad54ba47d67e95834ebd736 -> de6168258c915d2ad54ba47d67e95834ebd736_20260528_142924
2026-05-28 14:29:24,489 - INFO - SUCCESS: backed up: SensibleDots/.git/objects/50/739818986152628fc2de8fa70300e2c6ceee90 -> 739818986152628fc2de8fa70300e2c6ceee90_20260528_142924
2026-05-28 14:29:24,490 - INFO - SUCCESS: backed up: SensibleDots/.git/objects/21/e1d7f72cd792c0d40121821aad6dd8150ceeb8 -> e1d7f72cd792c0d40121821aad6dd8150ceeb8_20260528_142924
2026-05-28 14:29:24,493 - INFO - SUCCESS: backed up: SensibleDots/.git/objects/ef/5655d4b48ee82723df581a4afe28afa8a34754 -> 5655d4b48ee82723df581a4afe28afa8a34754_20260528_142924
2026-05-28 14:29:24,497 - INFO - SUCCESS: backed up: SensibleDots/.git/logs/refs/heads/main -> main_20260528_142924
2026-05-28 14:29:24,498 - INFO - SUCCESS: backed up: SensibleDots/.git/logs/refs/remotes/origin/main -> main_20260528_142924
2026-05-28 14:29:24,499 - INFO - SUCCESS: backed up: SensibleDots/.git/logs/refs/remotes/origin/HEAD -> HEAD_20260528_142924
2026-05-28 14:29:24,499 - INFO - SUCCESS: backed up: SensibleDots/.config/noctalia/settings.json -> settings_20260528_142924.json
2026-05-28 14:29:24,500 - INFO - SUCCESS: backed up: SensibleDots/.config/noctalia/colors.json -> colors_20260528_142924.json
2026-05-28 14:29:24,501 - INFO - SUCCESS: backed up: SensibleDots/.config/noctalia/plugins.json -> plugins_20260528_142924.json
2026-05-28 14:29:24,502 - INFO - SUCCESS: backed up: SensibleDots/.config/kitty/kitty.conf -> kitty_20260528_142924.conf
2026-05-28 14:29:24,503 - INFO - SUCCESS: backed up: SensibleDots/.config/kitty/current-theme.conf -> current-theme_20260528_142924.conf
2026-05-28 14:29:24,504 - INFO - SUCCESS: backed up: SensibleDots/.config/xdg-desktop-portal-termfilechooser/yazi-wrapper.sh -> yazi-wrapper_20260528_142924.sh
2026-05-28 14:29:24,504 - INFO - SUCCESS: backed up: SensibleDots/.config/xdg-desktop-portal-termfilechooser/config -> config_20260528_142924
2026-05-28 14:29:24,505 - INFO - SUCCESS: backed up: SensibleDots/.config/hypr/hyprland.lua -> hyprland_20260528_142924.lua
2026-05-28 14:29:24,506 - INFO - SUCCESS: backed up: SensibleDots/.config/fastfetch/config.jsonc -> config_20260528_142924.jsonc
2026-05-28 14:29:24,507 - INFO - SUCCESS: backed up: SensibleDots/.config/xdg-desktop-portal/portals.conf -> portals_20260528_142924.conf
2026-05-28 14:29:24,507 - INFO - SUCCESS: backed up: SensibleDots/.config/xdg-desktop-portal/hyprland-portals.conf -> hyprland-portals_20260528_142924.conf
2026-05-28 14:29:24,508 - INFO - SUCCESS: backed up: SensibleDots/.config/yazi/yazi.toml -> yazi_20260528_142924.toml
2026-05-28 14:29:24,509 - INFO - SUCCESS: backed up: SensibleDots/.config/yazi/init.lua -> init_20260528_142924.lua
2026-05-28 14:29:24,510 - INFO - SUCCESS: backed up: SensibleDots/.config/yazi/theme.toml -> theme_20260528_142924.toml
2026-05-28 14:29:24,511 - INFO - SUCCESS: backed up: SensibleDots/.config/yazi/keymap.toml -> keymap_20260528_142924.toml
2026-05-28 14:29:24,513 - INFO - SUCCESS: backed up: SensibleDots/.config/yazi/flavors/noctalia.yazi/flavor.toml -> flavor_20260528_142924.toml
2026-05-28 14:29:24,514 - INFO - SUCCESS: backed up: SensibleDots/.config/kitty/themes/noctalia.conf -> noctalia_20260528_142924.conf
2026-05-28 14:29:24,515 - INFO - SUCCESS: backed up: SensibleDots/.config/noctalia/plugins/arch-updater/manifest.json -> manifest_20260528_142924.json
2026-05-28 14:29:24,516 - INFO - SUCCESS: backed up: SensibleDots/.config/noctalia/plugins/arch-updater/Main.qml -> Main_20260528_142924.qml
2026-05-28 14:29:24,517 - INFO - SUCCESS: backed up: SensibleDots/.config/noctalia/plugins/arch-updater/ControlCenterWidget.qml -> ControlCenterWidget_20260528_142924.qml
2026-05-28 14:29:24,517 - INFO - SUCCESS: backed up: SensibleDots/.config/noctalia/plugins/arch-updater/settings.json -> settings_20260528_142924.json
2026-05-28 14:29:24,518 - INFO - SUCCESS: backed up: SensibleDots/.config/noctalia/plugins/arch-updater/LauncherProvider.qml -> LauncherProvider_20260528_142924.qml
2026-05-28 14:29:24,521 - INFO - SUCCESS: backed up: SensibleDots/.config/noctalia/plugins/arch-updater/preview.png -> preview_20260528_142924.png
2026-05-28 14:29:24,522 - INFO - SUCCESS: backed up: SensibleDots/.config/noctalia/plugins/arch-updater/DesktopWidget.qml -> DesktopWidget_20260528_142924.qml
2026-05-28 14:29:24,523 - INFO - SUCCESS: backed up: SensibleDots/.config/noctalia/plugins/arch-updater/Settings.qml -> Settings_20260528_142924.qml
2026-05-28 14:29:24,524 - INFO - SUCCESS: backed up: SensibleDots/.config/noctalia/plugins/arch-updater/BarWidget.qml -> BarWidget_20260528_142924.qml
2026-05-28 14:29:24,524 - INFO - SUCCESS: backed up: SensibleDots/.config/noctalia/plugins/arch-updater/Panel.qml -> Panel_20260528_142924.qml
2026-05-28 14:29:24,525 - INFO - SUCCESS: backed up: SensibleDots/.config/noctalia/plugins/arch-updater/README.md -> README_20260528_142924.md
2026-05-28 14:29:24,526 - INFO - SUCCESS: backed up: SensibleDots/.config/noctalia/plugins/arch-updater/icons/flatpak.svg -> flatpak_20260528_142924.svg
2026-05-28 14:29:24,527 - INFO - SUCCESS: backed up: SensibleDots/.config/noctalia/plugins/arch-updater/icons/arch.svg -> arch_20260528_142924.svg
2026-05-28 14:29:24,527 - INFO - SUCCESS: backed up: SensibleDots/.config/noctalia/plugins/arch-updater/icons/aur.svg -> aur_20260528_142924.svg
2026-05-28 14:29:24,530 - INFO - SUCCESS: backed up: SensibleDots/.config/noctalia/plugins/arch-updater/i18n/en.json -> en_20260528_142924.json
2026-05-28 14:29:24,530 - INFO - SUCCESS: backed up: SensibleDots/.config/noctalia/plugins/arch-updater/i18n/fr.json -> fr_20260528_142924.json
2026-05-28 14:29:24,531 - INFO - SUCCESS: backed up: SensibleDots/.config/noctalia/plugins/arch-updater/i18n/de.json -> de_20260528_142924.json
2026-05-28 14:29:25,532 - INFO - SUCCESS: backup Successfully completed
2026-05-28 14:42:19,158 - INFO - SUCCESS: backup Successfully completed
2026-05-28 14:55:10,417 - INFO - SUCCESS: backup Successfully completed
2026-05-28 14:57:21,773 - INFO - SUCCESS: backed up: SensibleDots/.zsh_plugins.txt -> .zsh_plugins_20260528_145721.txt
2026-05-28 14:57:21,777 - INFO - SUCCESS: backed up: SensibleDots/.zshrc -> .zshrc_20260528_145721
2026-05-28 14:57:21,781 - INFO - SUCCESS: backed up: SensibleDots/install.sh -> install_20260528_145721.sh
2026-05-28 14:57:21,783 - INFO - SUCCESS: backed up: SensibleDots/config.toml -> config_20260528_145721.toml
2026-05-28 14:57:21,784 - INFO - SUCCESS: backed up: SensibleDots/.bashrc -> .bashrc_20260528_145721
2026-05-28 14:57:21,785 - INFO - SUCCESS: backed up: SensibleDots/yazi.desktop -> yazi_20260528_145721.desktop
2026-05-28 14:57:21,787 - INFO - SUCCESS: backed up: SensibleDots/install2.sh -> install2_20260528_145721.sh
2026-05-28 14:57:21,788 - INFO - SUCCESS: backed up: SensibleDots/LICENSE -> LICENSE_20260528_145721
2026-05-28 14:57:21,789 - INFO - SUCCESS: backed up: SensibleDots/.vimrc -> .vimrc_20260528_145721
2026-05-28 14:57:21,791 - INFO - SUCCESS: backed up: SensibleDots/.config/starship.toml -> starship_20260528_145721.toml
2026-05-28 14:57:21,792 - INFO - SUCCESS: backed up: SensibleDots/.git/packed-refs -> packed-refs_20260528_145721
2026-05-28 14:57:21,793 - INFO - SUCCESS: backed up: SensibleDots/.git/COMMIT_EDITMSG -> COMMIT_EDITMSG_20260528_145721
2026-05-28 14:57:21,793 - INFO - SUCCESS: backed up: SensibleDots/.git/FETCH_HEAD -> FETCH_HEAD_20260528_145721
2026-05-28 14:57:21,793 - INFO - SUCCESS: backed up: SensibleDots/.git/index -> index_20260528_145721
2026-05-28 14:57:21,794 - INFO - SUCCESS: backed up: SensibleDots/.git/ORIG_HEAD -> ORIG_HEAD_20260528_145721
2026-05-28 14:57:21,794 - INFO - SUCCESS: backed up: SensibleDots/.git/HEAD -> HEAD_20260528_145721
2026-05-28 14:57:21,794 - INFO - SUCCESS: backed up: SensibleDots/.git/description -> description_20260528_145721
2026-05-28 14:57:21,795 - INFO - SUCCESS: backed up: SensibleDots/.git/config -> config_20260528_145721
2026-05-28 14:57:21,795 - INFO - SUCCESS: backed up: SensibleDots/.git/logs/HEAD -> HEAD_20260528_145721
2026-05-28 14:57:21,797 - INFO - SUCCESS: backed up: SensibleDots/.git/hooks/pre-merge-commit.sample -> pre-merge-commit_20260528_145721.sample
2026-05-28 14:57:21,798 - INFO - SUCCESS: backed up: SensibleDots/.git/hooks/post-update.sample -> post-update_20260528_145721.sample
2026-05-28 14:57:21,798 - INFO - SUCCESS: backed up: SensibleDots/.git/hooks/fsmonitor-watchman.sample -> fsmonitor-watchman_20260528_145721.sample
2026-05-28 14:57:21,799 - INFO - SUCCESS: backed up: SensibleDots/.git/hooks/pre-push.sample -> pre-push_20260528_145721.sample
2026-05-28 14:57:21,799 - INFO - SUCCESS: backed up: SensibleDots/.git/hooks/pre-commit.sample -> pre-commit_20260528_145721.sample
2026-05-28 14:57:21,799 - INFO - SUCCESS: backed up: SensibleDots/.git/hooks/prepare-commit-msg.sample -> prepare-commit-msg_20260528_145721.sample
2026-05-28 14:57:21,800 - INFO - SUCCESS: backed up: SensibleDots/.git/hooks/update.sample -> update_20260528_145721.sample
2026-05-28 14:57:21,800 - INFO - SUCCESS: backed up: SensibleDots/.git/hooks/push-to-checkout.sample -> push-to-checkout_20260528_145721.sample
2026-05-28 14:57:21,800 - INFO - SUCCESS: backed up: SensibleDots/.git/hooks/pre-receive.sample -> pre-receive_20260528_145721.sample
2026-05-28 14:57:21,801 - INFO - SUCCESS: backed up: SensibleDots/.git/hooks/sendemail-validate.sample -> sendemail-validate_20260528_145721.sample
2026-05-28 14:57:21,801 - INFO - SUCCESS: backed up: SensibleDots/.git/hooks/pre-rebase.sample -> pre-rebase_20260528_145721.sample
2026-05-28 14:57:21,801 - INFO - SUCCESS: backed up: SensibleDots/.git/hooks/commit-msg.sample -> commit-msg_20260528_145721.sample
2026-05-28 14:57:21,802 - INFO - SUCCESS: backed up: SensibleDots/.git/hooks/pre-applypatch.sample -> pre-applypatch_20260528_145721.sample
2026-05-28 14:57:21,802 - INFO - SUCCESS: backed up: SensibleDots/.git/hooks/applypatch-msg.sample -> applypatch-msg_20260528_145721.sample
2026-05-28 14:57:21,803 - INFO - SUCCESS: backed up: SensibleDots/.git/info/exclude -> exclude_20260528_145721
2026-05-28 14:57:21,803 - INFO - SUCCESS: backed up: SensibleDots/.git/refs/heads/main -> main_20260528_145721
2026-05-28 14:57:21,804 - INFO - SUCCESS: backed up: SensibleDots/.git/refs/remotes/origin/main -> main_20260528_145721
2026-05-28 14:57:21,804 - INFO - SUCCESS: backed up: SensibleDots/.git/refs/remotes/origin/HEAD -> HEAD_20260528_145721
2026-05-28 14:57:21,805 - INFO - SUCCESS: backed up: SensibleDots/.git/objects/dc/d301d86de050f3c7a77be0cf7afac72f77c5a8 -> d301d86de050f3c7a77be0cf7afac72f77c5a8_20260528_145721
2026-05-28 14:57:21,805 - INFO - SUCCESS: backed up: SensibleDots/.git/objects/84/5e09069a49c9da657d0c7ce2cc706096589bf5 -> 5e09069a49c9da657d0c7ce2cc706096589bf5_20260528_145721
2026-05-28 14:57:21,806 - INFO - SUCCESS: backed up: SensibleDots/.git/objects/84/daf69bf147acc79e6dc2d181b1608455b777b7 -> daf69bf147acc79e6dc2d181b1608455b777b7_20260528_145721
2026-05-28 14:57:21,806 - INFO - SUCCESS: backed up: SensibleDots/.git/objects/15/933c99ca2900739239d060bf3fcdfd0dfcec70 -> 933c99ca2900739239d060bf3fcdfd0dfcec70_20260528_145721
2026-05-28 14:57:21,807 - INFO - SUCCESS: backed up: SensibleDots/.git/objects/b5/a529bd7d85962883426e8be99ef7c3747dc3fe -> a529bd7d85962883426e8be99ef7c3747dc3fe_20260528_145721
2026-05-28 14:57:21,808 - INFO - SUCCESS: backed up: SensibleDots/.git/objects/80/8f809e4be7d1c32187763917a9a4aa5cd09d64 -> 8f809e4be7d1c32187763917a9a4aa5cd09d64_20260528_145721
2026-05-28 14:57:21,808 - INFO - SUCCESS: backed up: SensibleDots/.git/objects/d2/92689f9e6954719e47adb64a500014e348bd08 -> 92689f9e6954719e47adb64a500014e348bd08_20260528_145721
2026-05-28 14:57:21,809 - INFO - SUCCESS: backed up: SensibleDots/.git/objects/5f/f93d9fd7e07ed064e738314ba643ee5b7acff0 -> f93d9fd7e07ed064e738314ba643ee5b7acff0_20260528_145721
2026-05-28 14:57:21,809 - INFO - SUCCESS: backed up: SensibleDots/.git/objects/48/e844ffb8bd423d59d9eeebad6a76839f3b98dc -> e844ffb8bd423d59d9eeebad6a76839f3b98dc_20260528_145721
2026-05-28 14:57:21,809 - INFO - SUCCESS: backed up: SensibleDots/.git/objects/8b/21dc0ae35f8cc36d0fb0896b07706a354c8787 -> 21dc0ae35f8cc36d0fb0896b07706a354c8787_20260528_145721
2026-05-28 14:57:21,810 - INFO - SUCCESS: backed up: SensibleDots/.git/objects/bf/bc4169a2de9e2d7e5dcd5a197ca9c43db172dd -> bc4169a2de9e2d7e5dcd5a197ca9c43db172dd_20260528_145721
2026-05-28 14:57:21,810 - INFO - SUCCESS: backed up: SensibleDots/.git/objects/26/1b41b6fa7d1ce8d94f04a7bedbf1107caaef0c -> 1b41b6fa7d1ce8d94f04a7bedbf1107caaef0c_20260528_145721
2026-05-28 14:57:21,811 - INFO - SUCCESS: backed up: SensibleDots/.git/objects/26/b5ad04ffb98c3dba8f7cb99989015a04881637 -> b5ad04ffb98c3dba8f7cb99989015a04881637_20260528_145721
2026-05-28 14:57:21,811 - INFO - SUCCESS: backed up: SensibleDots/.git/objects/e8/19cba2e4db905e9be4ecb635631d3b3397b28c -> 19cba2e4db905e9be4ecb635631d3b3397b28c_20260528_145721
2026-05-28 14:57:21,812 - INFO - SUCCESS: backed up: SensibleDots/.git/objects/e8/88070e4995a4c8a621030b4182a67b4243a8d6 -> 88070e4995a4c8a621030b4182a67b4243a8d6_20260528_145721
2026-05-28 14:57:21,812 - INFO - SUCCESS: backed up: SensibleDots/.git/objects/a2/7e6cef2469607a0392ad7115256db02635d4e4 -> 7e6cef2469607a0392ad7115256db02635d4e4_20260528_145721
2026-05-28 14:57:21,812 - INFO - SUCCESS: backed up: SensibleDots/.git/objects/8d/b6a8baeb6a28d98bb45eee58b73aea01c12fce -> b6a8baeb6a28d98bb45eee58b73aea01c12fce_20260528_145721
2026-05-28 14:57:21,813 - INFO - SUCCESS: backed up: SensibleDots/.git/objects/8d/58af8f18568614c6ed4eb565600eb477e3f0c6 -> 58af8f18568614c6ed4eb565600eb477e3f0c6_20260528_145721
2026-05-28 14:57:21,813 - INFO - SUCCESS: backed up: SensibleDots/.git/objects/c4/e2d52f0666b6f019db21938f1263a68411fa88 -> e2d52f0666b6f019db21938f1263a68411fa88_20260528_145721
2026-05-28 14:57:21,814 - INFO - SUCCESS: backed up: SensibleDots/.git/objects/b3/811917d76b4a803daa48a8134d755b1a009c8c -> 811917d76b4a803daa48a8134d755b1a009c8c_20260528_145721
2026-05-28 14:57:21,814 - INFO - SUCCESS: backed up: SensibleDots/.git/objects/2b/96b6bb3941e8559fe2583d79c53614bae2a17b -> 96b6bb3941e8559fe2583d79c53614bae2a17b_20260528_145721
2026-05-28 14:57:21,815 - INFO - SUCCESS: backed up: SensibleDots/.git/objects/9c/bbe45d0779b5919dbfdd1c02f79db56af4c1db -> bbe45d0779b5919dbfdd1c02f79db56af4c1db_20260528_145721
2026-05-28 14:57:21,815 - INFO - SUCCESS: backed up: SensibleDots/.git/objects/5e/77f335c0005706cc76461cc735adb0798ac4b4 -> 77f335c0005706cc76461cc735adb0798ac4b4_20260528_145721
2026-05-28 14:57:21,816 - INFO - SUCCESS: backed up: SensibleDots/.git/objects/5e/50317a17b5cd345c7f4e6d88bd0b30d013b72b -> 50317a17b5cd345c7f4e6d88bd0b30d013b72b_20260528_145721
2026-05-28 14:57:21,816 - INFO - SUCCESS: backed up: SensibleDots/.git/objects/12/846049f1c10e85c37f35810b328d581d36e06e -> 846049f1c10e85c37f35810b328d581d36e06e_20260528_145721
2026-05-28 14:57:21,817 - INFO - SUCCESS: backed up: SensibleDots/.git/objects/f8/c9c2b465ea0f5f9ba566044110f7cff5408cd6 -> c9c2b465ea0f5f9ba566044110f7cff5408cd6_20260528_145721
2026-05-28 14:57:21,817 - INFO - SUCCESS: backed up: SensibleDots/.git/objects/23/481c88debdca2b5e98b5f33742711b7c2a541b -> 481c88debdca2b5e98b5f33742711b7c2a541b_20260528_145721
2026-05-28 14:57:21,818 - INFO - SUCCESS: backed up: SensibleDots/.git/objects/23/03c929411712fa5d2b42efcdf6f4964da48955 -> 03c929411712fa5d2b42efcdf6f4964da48955_20260528_145721
2026-05-28 14:57:21,818 - INFO - SUCCESS: backed up: SensibleDots/.git/objects/ab/9bbbb332a6ac07d91f23da4d86e6d06d5e6f3d -> 9bbbb332a6ac07d91f23da4d86e6d06d5e6f3d_20260528_145721
2026-05-28 14:57:21,818 - INFO - SUCCESS: backed up: SensibleDots/.git/objects/ab/f5e0d95f6448ccef1f3753c4e53a949d3e6739 -> f5e0d95f6448ccef1f3753c4e53a949d3e6739_20260528_145721
2026-05-28 14:57:21,819 - INFO - SUCCESS: backed up: SensibleDots/.git/objects/65/8f252e9aa63a388119567631c88b6a895d794d -> 8f252e9aa63a388119567631c88b6a895d794d_20260528_145721
2026-05-28 14:57:21,819 - INFO - SUCCESS: backed up: SensibleDots/.git/objects/65/a72e31602bb1eac70c110e3f66f19158b29eeb -> a72e31602bb1eac70c110e3f66f19158b29eeb_20260528_145721
2026-05-28 14:57:21,820 - INFO - SUCCESS: backed up: SensibleDots/.git/objects/a6/bbde6db9e7a4d78e6a9b10145d3269d8a4c293 -> bbde6db9e7a4d78e6a9b10145d3269d8a4c293_20260528_145721
2026-05-28 14:57:21,820 - INFO - SUCCESS: backed up: SensibleDots/.git/objects/14/365baaae9145dd50b80ffea8f4536fcaf78527 -> 365baaae9145dd50b80ffea8f4536fcaf78527_20260528_145721
2026-05-28 14:57:21,821 - INFO - SUCCESS: backed up: SensibleDots/.git/objects/14/428df242aaa8b935a1491fbb77c7e4cf5a9753 -> 428df242aaa8b935a1491fbb77c7e4cf5a9753_20260528_145721
2026-05-28 14:57:21,821 - INFO - SUCCESS: backed up: SensibleDots/.git/objects/fd/033b8f3e823c2fe1bf4fdaad66a76ce926b352 -> 033b8f3e823c2fe1bf4fdaad66a76ce926b352_20260528_145721
2026-05-28 14:57:21,821 - INFO - SUCCESS: backed up: SensibleDots/.git/objects/91/67d3f92c14ebfc776da6587a4aee304b7d1de2 -> 67d3f92c14ebfc776da6587a4aee304b7d1de2_20260528_145721
2026-05-28 14:57:21,822 - INFO - SUCCESS: backed up: SensibleDots/.git/objects/91/c342bb6f19559bde47560c3b8681a183a221b9 -> c342bb6f19559bde47560c3b8681a183a221b9_20260528_145721
2026-05-28 14:57:21,822 - INFO - SUCCESS: backed up: SensibleDots/.git/objects/b9/b21fa9756c222b1c3a2f33192b5caa59e7ecfa -> b21fa9756c222b1c3a2f33192b5caa59e7ecfa_20260528_145721
2026-05-28 14:57:21,823 - INFO - SUCCESS: backed up: SensibleDots/.git/objects/d5/ab5a3aa2dc45787b550358138abc83152feb97 -> ab5a3aa2dc45787b550358138abc83152feb97_20260528_145721
2026-05-28 14:57:21,824 - INFO - SUCCESS: backed up: SensibleDots/.git/objects/72/825fbaee128f206e2885afbca9e7ff95cc8f1d -> 825fbaee128f206e2885afbca9e7ff95cc8f1d_20260528_145721
2026-05-28 14:57:21,824 - INFO - SUCCESS: backed up: SensibleDots/.git/objects/72/07e814f4c9cd9ec3f2a9e39d9f819c8b2f0d02 -> 07e814f4c9cd9ec3f2a9e39d9f819c8b2f0d02_20260528_145721
2026-05-28 14:57:21,825 - INFO - SUCCESS: backed up: SensibleDots/.git/objects/2f/32449ef926ad8f014912f93188ce0ce07c8478 -> 32449ef926ad8f014912f93188ce0ce07c8478_20260528_145721
2026-05-28 14:57:21,825 - INFO - SUCCESS: backed up: SensibleDots/.git/objects/2f/f3348737d43670f38efb61b3a93f1391565715 -> f3348737d43670f38efb61b3a93f1391565715_20260528_145721
2026-05-28 14:57:21,825 - INFO - SUCCESS: backed up: SensibleDots/.git/objects/2f/4e7ce2c3a85cfee93859b9b4c2c7c8933e1622 -> 4e7ce2c3a85cfee93859b9b4c2c7c8933e1622_20260528_145721
2026-05-28 14:57:21,826 - INFO - SUCCESS: backed up: SensibleDots/.git/objects/9d/59c6d8ee9ba8f5fff1177f26b1e27d018a69b0 -> 59c6d8ee9ba8f5fff1177f26b1e27d018a69b0_20260528_145721
2026-05-28 14:57:21,826 - INFO - SUCCESS: backed up: SensibleDots/.git/objects/62/90796fe5e36cafecf272661e572f5dbe2cd16a -> 90796fe5e36cafecf272661e572f5dbe2cd16a_20260528_145721
2026-05-28 14:57:21,827 - INFO - SUCCESS: backed up: SensibleDots/.git/objects/c0/6396e2acf2d8deb8f9a43bd2436222f70941f6 -> 6396e2acf2d8deb8f9a43bd2436222f70941f6_20260528_145721
2026-05-28 14:57:21,827 - INFO - SUCCESS: backed up: SensibleDots/.git/objects/79/f44ea0ff6f42be57134e3160b12da2f1ffc613 -> f44ea0ff6f42be57134e3160b12da2f1ffc613_20260528_145721
2026-05-28 14:57:21,828 - INFO - SUCCESS: backed up: SensibleDots/.git/objects/79/b1abd73bef2db4bab0bdf5db9353a7a9b1ee17 -> b1abd73bef2db4bab0bdf5db9353a7a9b1ee17_20260528_145721
2026-05-28 14:57:21,828 - INFO - SUCCESS: backed up: SensibleDots/.git/objects/e5/b372689c11aa17ae7e7ba70186c6c21e593dc8 -> b372689c11aa17ae7e7ba70186c6c21e593dc8_20260528_145721
2026-05-28 14:57:21,828 - INFO - SUCCESS: backed up: SensibleDots/.git/objects/e5/d88d6254c7aa1e07d018fb98ffb924a6012f73 -> d88d6254c7aa1e07d018fb98ffb924a6012f73_20260528_145721
2026-05-28 14:57:21,829 - INFO - SUCCESS: backed up: SensibleDots/.git/objects/64/7d6ceb7b8b13c7a7654d631b0e2a9d310f1f4b -> 7d6ceb7b8b13c7a7654d631b0e2a9d310f1f4b_20260528_145721
2026-05-28 14:57:21,829 - INFO - SUCCESS: backed up: SensibleDots/.git/objects/59/3647d8411c92635e9377d70644d8f68e15b428 -> 3647d8411c92635e9377d70644d8f68e15b428_20260528_145721
2026-05-28 14:57:21,830 - INFO - SUCCESS: backed up: SensibleDots/.git/objects/eb/f23dd218e01b776430a926fbf77413a4700b30 -> f23dd218e01b776430a926fbf77413a4700b30_20260528_145721
2026-05-28 14:57:21,830 - INFO - SUCCESS: backed up: SensibleDots/.git/objects/eb/71ec8a820507f4a55751a3e0da3bba257ee981 -> 71ec8a820507f4a55751a3e0da3bba257ee981_20260528_145721
2026-05-28 14:57:21,830 - INFO - SUCCESS: backed up: SensibleDots/.git/objects/a8/e2f54896aaf57b1bcd2e3fa95dc8fe24acbf65 -> e2f54896aaf57b1bcd2e3fa95dc8fe24acbf65_20260528_145721
2026-05-28 14:57:21,831 - INFO - SUCCESS: backed up: SensibleDots/.git/objects/a8/3f1d8f013c85d4a0fcad0df9e4b37dd7be1bed -> 3f1d8f013c85d4a0fcad0df9e4b37dd7be1bed_20260528_145721
2026-05-28 14:57:21,831 - INFO - SUCCESS: backed up: SensibleDots/.git/objects/29/98169d73889127f38ab0c488d9689343a55e70 -> 98169d73889127f38ab0c488d9689343a55e70_20260528_145721
2026-05-28 14:57:21,832 - INFO - SUCCESS: backed up: SensibleDots/.git/objects/29/fa9c47ff86fe959d7b0b9098186224cbc09f9b -> fa9c47ff86fe959d7b0b9098186224cbc09f9b_20260528_145721
2026-05-28 14:57:21,832 - INFO - SUCCESS: backed up: SensibleDots/.git/objects/29/4b45683b0d4168eae6958d875481f39d56e39a -> 4b45683b0d4168eae6958d875481f39d56e39a_20260528_145721
2026-05-28 14:57:21,833 - INFO - SUCCESS: backed up: SensibleDots/.git/objects/0b/67cf8c4512786544610b5e0a98fa62c2088588 -> 67cf8c4512786544610b5e0a98fa62c2088588_20260528_145721
2026-05-28 14:57:21,833 - INFO - SUCCESS: backed up: SensibleDots/.git/objects/0b/d1d8c2b9011725250c747ade19e8071b1b2d4e -> d1d8c2b9011725250c747ade19e8071b1b2d4e_20260528_145721
2026-05-28 14:57:21,834 - INFO - SUCCESS: backed up: SensibleDots/.git/objects/0b/ac08b55122a858da655eb8b942f9d297c7c226 -> ac08b55122a858da655eb8b942f9d297c7c226_20260528_145721
2026-05-28 14:57:21,834 - INFO - SUCCESS: backed up: SensibleDots/.git/objects/51/679eea7a0f56ac67eddd0f02e06286611fd1c9 -> 679eea7a0f56ac67eddd0f02e06286611fd1c9_20260528_145721
2026-05-28 14:57:21,835 - INFO - SUCCESS: backed up: SensibleDots/.git/objects/92/e996a5740fcfde873de8b0428dfecf9aaf374e -> e996a5740fcfde873de8b0428dfecf9aaf374e_20260528_145721
2026-05-28 14:57:21,836 - INFO - SUCCESS: backed up: SensibleDots/.git/objects/92/f08edffa5cc06006ec3446153ba9927f2379a8 -> f08edffa5cc06006ec3446153ba9927f2379a8_20260528_145721
2026-05-28 14:57:21,836 - INFO - SUCCESS: backed up: SensibleDots/.git/objects/7c/c4aeacac9fc4e49eaa484f6fa73bebd930a7a2 -> c4aeacac9fc4e49eaa484f6fa73bebd930a7a2_20260528_145721
2026-05-28 14:57:21,837 - INFO - SUCCESS: backed up: SensibleDots/.git/objects/7a/c853dcd70e5a01cfe9fae102584cbbba7846e3 -> c853dcd70e5a01cfe9fae102584cbbba7846e3_20260528_145721
2026-05-28 14:57:21,837 - INFO - SUCCESS: backed up: SensibleDots/.git/objects/19/c49c69f5bb9e7864427ae03942684daf183050 -> c49c69f5bb9e7864427ae03942684daf183050_20260528_145721
2026-05-28 14:57:21,837 - INFO - SUCCESS: backed up: SensibleDots/.git/objects/81/c714115b8593254c679d17de4eaa9d0c302279 -> c714115b8593254c679d17de4eaa9d0c302279_20260528_145721
2026-05-28 14:57:21,838 - INFO - SUCCESS: backed up: SensibleDots/.git/objects/b0/a9a0c3ebbb64caf2e480deb4d2d7cd7c615133 -> a9a0c3ebbb64caf2e480deb4d2d7cd7c615133_20260528_145721
2026-05-28 14:57:21,838 - INFO - SUCCESS: backed up: SensibleDots/.git/objects/8f/27df5c5cf6a8b5b1e14e16118fc07a8ca774bf -> 27df5c5cf6a8b5b1e14e16118fc07a8ca774bf_20260528_145721
2026-05-28 14:57:21,839 - INFO - SUCCESS: backed up: SensibleDots/.git/objects/06/5616b6db6bd3571f7f1dc24e517b6acf1d9acb -> 5616b6db6bd3571f7f1dc24e517b6acf1d9acb_20260528_145721
2026-05-28 14:57:21,840 - INFO - SUCCESS: backed up: SensibleDots/.git/objects/e6/47d3f7dd52fa132f89105ffe940b8d053e9161 -> 47d3f7dd52fa132f89105ffe940b8d053e9161_20260528_145721
2026-05-28 14:57:21,840 - INFO - SUCCESS: backed up: SensibleDots/.git/objects/e6/8a329822d8f64612e45c20fa8304487e347788 -> 8a329822d8f64612e45c20fa8304487e347788_20260528_145721
2026-05-28 14:57:21,841 - INFO - SUCCESS: backed up: SensibleDots/.git/objects/af/9b95e18c3644b5ac69b7ba35732b77fe24f67b -> 9b95e18c3644b5ac69b7ba35732b77fe24f67b_20260528_145721
2026-05-28 14:57:21,841 - INFO - SUCCESS: backed up: SensibleDots/.git/objects/ae/0615352cde591f43051ae49a55df9c89b257c8 -> 0615352cde591f43051ae49a55df9c89b257c8_20260528_145721
2026-05-28 14:57:21,841 - INFO - SUCCESS: backed up: SensibleDots/.git/objects/ae/ffca990a7323de9903cbf0cd415f1b52590ef3 -> ffca990a7323de9903cbf0cd415f1b52590ef3_20260528_145721
2026-05-28 14:57:21,842 - INFO - SUCCESS: backed up: SensibleDots/.git/objects/16/6648538e7ba13b91a022e3edf729179ad33710 -> 6648538e7ba13b91a022e3edf729179ad33710_20260528_145721
2026-05-28 14:57:21,842 - INFO - SUCCESS: backed up: SensibleDots/.git/objects/1d/5ec768e171dd5162d39e00a0ffcfb57f3436d8 -> 5ec768e171dd5162d39e00a0ffcfb57f3436d8_20260528_145721
2026-05-28 14:57:21,843 - INFO - SUCCESS: backed up: SensibleDots/.git/objects/52/511f9e9d9ab93e3db795afdf7501f9d6b85f66 -> 511f9e9d9ab93e3db795afdf7501f9d6b85f66_20260528_145721
2026-05-28 14:57:21,843 - INFO - SUCCESS: backed up: SensibleDots/.git/objects/pack/pack-76fa476a9e6e9c71f813cb4d7b6ea81bf7ee4eb1.idx -> pack-76fa476a9e6e9c71f813cb4d7b6ea81bf7ee4eb1_20260528_145721.idx
2026-05-28 14:57:21,844 - INFO - SUCCESS: backed up: SensibleDots/.git/objects/pack/pack-76fa476a9e6e9c71f813cb4d7b6ea81bf7ee4eb1.pack -> pack-76fa476a9e6e9c71f813cb4d7b6ea81bf7ee4eb1_20260528_145721.pack
2026-05-28 14:57:21,845 - INFO - SUCCESS: backed up: SensibleDots/.git/objects/pack/pack-76fa476a9e6e9c71f813cb4d7b6ea81bf7ee4eb1.rev -> pack-76fa476a9e6e9c71f813cb4d7b6ea81bf7ee4eb1_20260528_145721.rev
2026-05-28 14:57:21,845 - INFO - SUCCESS: backed up: SensibleDots/.git/objects/36/6ed513f5bc931234fd01838efea1d11bfac01e -> 6ed513f5bc931234fd01838efea1d11bfac01e_20260528_145721
2026-05-28 14:57:21,845 - INFO - SUCCESS: backed up: SensibleDots/.git/objects/54/d39221140ac0c3d33de47b98abc7d8a07b7b1d -> d39221140ac0c3d33de47b98abc7d8a07b7b1d_20260528_145721
2026-05-28 14:57:21,846 - INFO - SUCCESS: backed up: SensibleDots/.git/objects/04/237eee9464f4f1710be5b983d7065a6fba4c4b -> 237eee9464f4f1710be5b983d7065a6fba4c4b_20260528_145721
2026-05-28 14:57:21,846 - INFO - SUCCESS: backed up: SensibleDots/.git/objects/9b/34de869a00819c71d2946441095d021d177c07 -> 34de869a00819c71d2946441095d021d177c07_20260528_145721
2026-05-28 14:57:21,847 - INFO - SUCCESS: backed up: SensibleDots/.git/objects/9b/f6a85105d51671c62b7d3c9d63dc74dfd29102 -> f6a85105d51671c62b7d3c9d63dc74dfd29102_20260528_145721
2026-05-28 14:57:21,847 - INFO - SUCCESS: backed up: SensibleDots/.git/objects/13/571c055f41678334fda1d34a065a8ac0654f43 -> 571c055f41678334fda1d34a065a8ac0654f43_20260528_145721
2026-05-28 14:57:21,848 - INFO - SUCCESS: backed up: SensibleDots/.git/objects/83/937917af4f781dcaa5736a42466042a52428a7 -> 937917af4f781dcaa5736a42466042a52428a7_20260528_145721
2026-05-28 14:57:21,848 - INFO - SUCCESS: backed up: SensibleDots/.git/objects/cb/331fc417591db882b6335fac1fd33ff2a623ae -> 331fc417591db882b6335fac1fd33ff2a623ae_20260528_145721
2026-05-28 14:57:21,849 - INFO - SUCCESS: backed up: SensibleDots/.git/objects/33/e42c7c6c3a3deedec1d75970e93864fcee79de -> e42c7c6c3a3deedec1d75970e93864fcee79de_20260528_145721
2026-05-28 14:57:21,849 - INFO - SUCCESS: backed up: SensibleDots/.git/objects/33/985883b02877831fec23ae62be28e0c46ee535 -> 985883b02877831fec23ae62be28e0c46ee535_20260528_145721
2026-05-28 14:57:21,849 - INFO - SUCCESS: backed up: SensibleDots/.git/objects/35/ec06bda549eb223401ec5f2a778812dea4aa19 -> ec06bda549eb223401ec5f2a778812dea4aa19_20260528_145721
2026-05-28 14:57:21,850 - INFO - SUCCESS: backed up: SensibleDots/.git/objects/35/26c394264b6f47b3293426bd3ad9edd19ec656 -> 26c394264b6f47b3293426bd3ad9edd19ec656_20260528_145721
2026-05-28 14:57:21,850 - INFO - SUCCESS: backed up: SensibleDots/.git/objects/ac/c8cb8c960722f6647732ecc03c98ccefee103b -> c8cb8c960722f6647732ecc03c98ccefee103b_20260528_145721
2026-05-28 14:57:21,851 - INFO - SUCCESS: backed up: SensibleDots/.git/objects/be/69868cfc2bd0cb36ead4452bc332367a693908 -> 69868cfc2bd0cb36ead4452bc332367a693908_20260528_145721
2026-05-28 14:57:21,851 - INFO - SUCCESS: backed up: SensibleDots/.git/objects/0f/3442209d5dc05b847a118e10530ececea88a8d -> 3442209d5dc05b847a118e10530ececea88a8d_20260528_145721
2026-05-28 14:57:21,852 - INFO - SUCCESS: backed up: SensibleDots/.git/objects/0f/383727ff2e3d0e527a6bf7c8e9443bdaa945b7 -> 383727ff2e3d0e527a6bf7c8e9443bdaa945b7_20260528_145721
2026-05-28 14:57:21,852 - INFO - SUCCESS: backed up: SensibleDots/.git/objects/38/9623e08710a92c833560fa0a55dc9212da6384 -> 9623e08710a92c833560fa0a55dc9212da6384_20260528_145721
2026-05-28 14:57:21,853 - INFO - SUCCESS: backed up: SensibleDots/.git/objects/75/08a76bed8cca034029b04f582a4d80afa0d009 -> 08a76bed8cca034029b04f582a4d80afa0d009_20260528_145721
2026-05-28 14:57:21,853 - INFO - SUCCESS: backed up: SensibleDots/.git/objects/75/47e5ffce14e93340e2d3a06b2158d3ffb3273e -> 47e5ffce14e93340e2d3a06b2158d3ffb3273e_20260528_145721
2026-05-28 14:57:21,853 - INFO - SUCCESS: backed up: SensibleDots/.git/objects/3a/ae151758e12b092d67339612b5609976a628c4 -> ae151758e12b092d67339612b5609976a628c4_20260528_145721
2026-05-28 14:57:21,854 - INFO - SUCCESS: backed up: SensibleDots/.git/objects/d7/27e1b91b61a9dd2dab0761e09fa693bb23f8ed -> 27e1b91b61a9dd2dab0761e09fa693bb23f8ed_20260528_145721
2026-05-28 14:57:21,854 - INFO - SUCCESS: backed up: SensibleDots/.git/objects/d7/2518cfcdbb3a432871c6022df28dedcbaa7dde -> 2518cfcdbb3a432871c6022df28dedcbaa7dde_20260528_145721
2026-05-28 14:57:21,855 - INFO - SUCCESS: backed up: SensibleDots/.git/objects/d7/df9c2c519671d10c72769ded99408e39c4839f -> df9c2c519671d10c72769ded99408e39c4839f_20260528_145721
2026-05-28 14:57:21,855 - INFO - SUCCESS: backed up: SensibleDots/.git/objects/dd/a8a2e546a4180d2b946b410145ae20b1bf0ced -> a8a2e546a4180d2b946b410145ae20b1bf0ced_20260528_145721
2026-05-28 14:57:21,856 - INFO - SUCCESS: backed up: SensibleDots/.git/objects/4f/f83df93f65708583f66f180274b9ce10264c06 -> f83df93f65708583f66f180274b9ce10264c06_20260528_145721
2026-05-28 14:57:21,856 - INFO - SUCCESS: backed up: SensibleDots/.git/objects/1e/383d4e5a7424e503ee9edf0ca6a48445c02a40 -> 383d4e5a7424e503ee9edf0ca6a48445c02a40_20260528_145721
2026-05-28 14:57:21,857 - INFO - SUCCESS: backed up: SensibleDots/.git/objects/1e/49f2758c3b1e58534c55a0f59763cc279b0033 -> 49f2758c3b1e58534c55a0f59763cc279b0033_20260528_145721
2026-05-28 14:57:21,857 - INFO - SUCCESS: backed up: SensibleDots/.git/objects/1e/faf57cafeca10485a734cfcfa3073d9c0636e2 -> faf57cafeca10485a734cfcfa3073d9c0636e2_20260528_145721
2026-05-28 14:57:21,858 - INFO - SUCCESS: backed up: SensibleDots/.git/objects/66/c6c027a51a62a3cca8aff037cf165c075ef886 -> c6c027a51a62a3cca8aff037cf165c075ef886_20260528_145721
2026-05-28 14:57:21,858 - INFO - SUCCESS: backed up: SensibleDots/.git/objects/ec/d853f3d1fbdce3e74983a88b5112981eacc0c9 -> d853f3d1fbdce3e74983a88b5112981eacc0c9_20260528_145721
2026-05-28 14:57:21,858 - INFO - SUCCESS: backed up: SensibleDots/.git/objects/ec/4df424d9103ae454e2b455cc464b35aa3df5e9 -> 4df424d9103ae454e2b455cc464b35aa3df5e9_20260528_145721
2026-05-28 14:57:21,859 - INFO - SUCCESS: backed up: SensibleDots/.git/objects/6c/760ab3a935e09d2b6c25d142c7140547f24c43 -> 760ab3a935e09d2b6c25d142c7140547f24c43_20260528_145721
2026-05-28 14:57:21,859 - INFO - SUCCESS: backed up: SensibleDots/.git/objects/6c/3fc0bc9f7a05fabb2998714108d668903a804b -> 3fc0bc9f7a05fabb2998714108d668903a804b_20260528_145721
2026-05-28 14:57:21,860 - INFO - SUCCESS: backed up: SensibleDots/.git/objects/6c/d4db348105e831b52f4aa385081245212111b7 -> d4db348105e831b52f4aa385081245212111b7_20260528_145721
2026-05-28 14:57:21,860 - INFO - SUCCESS: backed up: SensibleDots/.git/objects/98/23e04f76e18ac1aafd5b3d1207c9cadb5323c7 -> 23e04f76e18ac1aafd5b3d1207c9cadb5323c7_20260528_145721
2026-05-28 14:57:21,861 - INFO - SUCCESS: backed up: SensibleDots/.git/objects/d9/114915f84cb6b0a56a4e41107b9da693630892 -> 114915f84cb6b0a56a4e41107b9da693630892_20260528_145721
2026-05-28 14:57:21,861 - INFO - SUCCESS: backed up: SensibleDots/.git/objects/d9/1a5db989fe10e07d9357d70db47a5fa72f43f0 -> 1a5db989fe10e07d9357d70db47a5fa72f43f0_20260528_145721
2026-05-28 14:57:21,861 - INFO - SUCCESS: backed up: SensibleDots/.git/objects/c7/1dd1c8a903e037f24ac7bb0aa5e43812be3161 -> 1dd1c8a903e037f24ac7bb0aa5e43812be3161_20260528_145721
2026-05-28 14:57:21,862 - INFO - SUCCESS: backed up: SensibleDots/.git/objects/39/45b0edd480fd349e08b4c0ee72d8465264726f -> 45b0edd480fd349e08b4c0ee72d8465264726f_20260528_145721
2026-05-28 14:57:21,862 - INFO - SUCCESS: backed up: SensibleDots/.git/objects/a5/216743763a0208166df034f62fbbf614247b65 -> 216743763a0208166df034f62fbbf614247b65_20260528_145721
2026-05-28 14:57:21,863 - INFO - SUCCESS: backed up: SensibleDots/.git/objects/a5/9fee61172eb71d745769748aee04c5acbd7fd8 -> 9fee61172eb71d745769748aee04c5acbd7fd8_20260528_145721
2026-05-28 14:57:21,863 - INFO - SUCCESS: backed up: SensibleDots/.git/objects/5a/7b7e76392eba55d6e02b9a62d4bf07dedd57e7 -> 7b7e76392eba55d6e02b9a62d4bf07dedd57e7_20260528_145721
2026-05-28 14:57:21,863 - INFO - SUCCESS: backed up: SensibleDots/.git/objects/5a/c25d05f9d55881c9b851bad92533814ab9bf1c -> c25d05f9d55881c9b851bad92533814ab9bf1c_20260528_145721
2026-05-28 14:57:21,864 - INFO - SUCCESS: backed up: SensibleDots/.git/objects/3b/f496a187c1203ec4f0ac35d3a2f299f299eaaf -> f496a187c1203ec4f0ac35d3a2f299f299eaaf_20260528_145721
2026-05-28 14:57:21,864 - INFO - SUCCESS: backed up: SensibleDots/.git/objects/3b/0c2e3e0c767e7510b7d5cceee3804de2411525 -> 0c2e3e0c767e7510b7d5cceee3804de2411525_20260528_145721
2026-05-28 14:57:21,865 - INFO - SUCCESS: backed up: SensibleDots/.git/objects/7d/c839227d86aa7768c50e13078a2d060bb44f45 -> c839227d86aa7768c50e13078a2d060bb44f45_20260528_145721
2026-05-28 14:57:21,865 - INFO - SUCCESS: backed up: SensibleDots/.git/objects/7d/6a5ad04f06bd32ec23208e24adcb31a9bcae33 -> 6a5ad04f06bd32ec23208e24adcb31a9bcae33_20260528_145721
2026-05-28 14:57:21,866 - INFO - SUCCESS: backed up: SensibleDots/.git/objects/f0/c77c9015d0f6bc4603f5e3135c17bf03b9e6e9 -> c77c9015d0f6bc4603f5e3135c17bf03b9e6e9_20260528_145721
2026-05-28 14:57:21,866 - INFO - SUCCESS: backed up: SensibleDots/.git/objects/d4/310317926b9f52db33e3071ec398896878ae88 -> 310317926b9f52db33e3071ec398896878ae88_20260528_145721
2026-05-28 14:57:21,867 - INFO - SUCCESS: backed up: SensibleDots/.git/objects/d4/19037e17b3167fd4aa1a850ce6d1f5dee99d48 -> 19037e17b3167fd4aa1a850ce6d1f5dee99d48_20260528_145721
2026-05-28 14:57:21,867 - INFO - SUCCESS: backed up: SensibleDots/.git/objects/d4/54038777c28d4a890bc28980549f7df236b439 -> 54038777c28d4a890bc28980549f7df236b439_20260528_145721
2026-05-28 14:57:21,867 - INFO - SUCCESS: backed up: SensibleDots/.git/objects/d4/86ebb4347c9636a89403e749210323577b5efe -> 86ebb4347c9636a89403e749210323577b5efe_20260528_145721
2026-05-28 14:57:21,868 - INFO - SUCCESS: backed up: SensibleDots/.git/objects/07/c4c0c9ce816ab300f1cc7c3e6fa8ab864a4f8f -> c4c0c9ce816ab300f1cc7c3e6fa8ab864a4f8f_20260528_145721
2026-05-28 14:57:21,868 - INFO - SUCCESS: backed up: SensibleDots/.git/objects/2d/c901b1cd30b3dd7afc76fd282ed409e949b1b4 -> c901b1cd30b3dd7afc76fd282ed409e949b1b4_20260528_145721
2026-05-28 14:57:21,869 - INFO - SUCCESS: backed up: SensibleDots/.git/objects/f6/0cfee2d5dcf5f24eab899825478fd5d0a4e4d7 -> 0cfee2d5dcf5f24eab899825478fd5d0a4e4d7_20260528_145721
2026-05-28 14:57:21,869 - INFO - SUCCESS: backed up: SensibleDots/.git/objects/cd/fd38a14a0ed988442f7997418fcfd3e7983c60 -> fd38a14a0ed988442f7997418fcfd3e7983c60_20260528_145721
2026-05-28 14:57:21,870 - INFO - SUCCESS: backed up: SensibleDots/.git/objects/0c/654cc2e109d0153b3551a0bb0e8bb57b24f742 -> 654cc2e109d0153b3551a0bb0e8bb57b24f742_20260528_145721
2026-05-28 14:57:21,870 - INFO - SUCCESS: backed up: SensibleDots/.git/objects/0c/a18b5cfce8652408ebcc063b8e6fd2da3f370b -> a18b5cfce8652408ebcc063b8e6fd2da3f370b_20260528_145721
2026-05-28 14:57:21,871 - INFO - SUCCESS: backed up: SensibleDots/.git/objects/08/b67c3f49f647cde6b2c1ed79108826d986cd24 -> b67c3f49f647cde6b2c1ed79108826d986cd24_20260528_145721
2026-05-28 14:57:21,871 - INFO - SUCCESS: backed up: SensibleDots/.git/objects/44/0021d8cbc17d701d77956283fbdf7dd19e442c -> 0021d8cbc17d701d77956283fbdf7dd19e442c_20260528_145721
2026-05-28 14:57:21,872 - INFO - SUCCESS: backed up: SensibleDots/.git/objects/44/fbdf1234227dc61e9f6bafdb9d851f27632999 -> fbdf1234227dc61e9f6bafdb9d851f27632999_20260528_145721
2026-05-28 14:57:21,872 - INFO - SUCCESS: backed up: SensibleDots/.git/objects/df/602fdc95250b9b0e0699a2b73a9aeb7d94f39f -> 602fdc95250b9b0e0699a2b73a9aeb7d94f39f_20260528_145721
2026-05-28 14:57:21,873 - INFO - SUCCESS: backed up: SensibleDots/.git/objects/c8/db16c747ce10f950bafb6a1548a6c142a55e77 -> db16c747ce10f950bafb6a1548a6c142a55e77_20260528_145721
2026-05-28 14:57:21,873 - INFO - SUCCESS: backed up: SensibleDots/.git/objects/77/8a5fb02efd02ee7124f0a3ae9c442bd79ae304 -> 8a5fb02efd02ee7124f0a3ae9c442bd79ae304_20260528_145721
2026-05-28 14:57:21,874 - INFO - SUCCESS: backed up: SensibleDots/.git/objects/77/f5f6322db59e3324d84b0132d7735014c61423 -> f5f6322db59e3324d84b0132d7735014c61423_20260528_145721
2026-05-28 14:57:21,874 - INFO - SUCCESS: backed up: SensibleDots/.git/objects/bb/c9df0e31a3a6f43693ab69e7033383ebed947c -> c9df0e31a3a6f43693ab69e7033383ebed947c_20260528_145721
2026-05-28 14:57:21,875 - INFO - SUCCESS: backed up: SensibleDots/.git/objects/bb/58357bfbc00aa2cd87aa81ca716b29643f74e5 -> 58357bfbc00aa2cd87aa81ca716b29643f74e5_20260528_145721
2026-05-28 14:57:21,875 - INFO - SUCCESS: backed up: SensibleDots/.git/objects/a1/ae67b9905b02538edd6b4709bb508ba36e46bd -> ae67b9905b02538edd6b4709bb508ba36e46bd_20260528_145721
2026-05-28 14:57:21,876 - INFO - SUCCESS: backed up: SensibleDots/.git/objects/a1/ad7096ef47b4b55c59b82139b29cd32806507f -> ad7096ef47b4b55c59b82139b29cd32806507f_20260528_145721
2026-05-28 14:57:21,876 - INFO - SUCCESS: backed up: SensibleDots/.git/objects/60/6c294a75c8af39685281f1b5631ad78d08fbc0 -> 6c294a75c8af39685281f1b5631ad78d08fbc0_20260528_145721
2026-05-28 14:57:21,877 - INFO - SUCCESS: backed up: SensibleDots/.git/objects/74/610ffbd74ae85a6f9e9f77d40da4706366f65a -> 610ffbd74ae85a6f9e9f77d40da4706366f65a_20260528_145721
2026-05-28 14:57:21,877 - INFO - SUCCESS: backed up: SensibleDots/.git/objects/1f/add8f6af73315b99e172310a81a0ed9a53db95 -> add8f6af73315b99e172310a81a0ed9a53db95_20260528_145721
2026-05-28 14:57:21,877 - INFO - SUCCESS: backed up: SensibleDots/.git/objects/1f/0df551f81b498350e160696b081ba9fb971532 -> 0df551f81b498350e160696b081ba9fb971532_20260528_145721
2026-05-28 14:57:21,878 - INFO - SUCCESS: backed up: SensibleDots/.git/objects/1f/e1d229b46b3a4b49f4781a4d87263e99476926 -> e1d229b46b3a4b49f4781a4d87263e99476926_20260528_145721
2026-05-28 14:57:21,878 - INFO - SUCCESS: backed up: SensibleDots/.git/objects/1f/ce2180e3cac97eac880d0042d3d61246bed07e -> ce2180e3cac97eac880d0042d3d61246bed07e_20260528_145721
2026-05-28 14:57:21,879 - INFO - SUCCESS: backed up: SensibleDots/.git/objects/0e/129d0d7066d3c419a659b5dc1c4eb19649185d -> 129d0d7066d3c419a659b5dc1c4eb19649185d_20260528_145721
2026-05-28 14:57:21,879 - INFO - SUCCESS: backed up: SensibleDots/.git/objects/0e/9d7ae4d09328740098ae04bb0bb568f15a2980 -> 9d7ae4d09328740098ae04bb0bb568f15a2980_20260528_145721
2026-05-28 14:57:21,879 - INFO - SUCCESS: backed up: SensibleDots/.git/objects/0e/ff95d4219dd62c8577ce95a107d48ef7d26e6b -> ff95d4219dd62c8577ce95a107d48ef7d26e6b_20260528_145721
2026-05-28 14:57:21,880 - INFO - SUCCESS: backed up: SensibleDots/.git/objects/99/41e20b9b1c308a3afb0383f93ed99d7ae3c8ab -> 41e20b9b1c308a3afb0383f93ed99d7ae3c8ab_20260528_145721
2026-05-28 14:57:21,880 - INFO - SUCCESS: backed up: SensibleDots/.git/objects/4c/464056f4e3a47babecb4e73f1eb305c5bae333 -> 464056f4e3a47babecb4e73f1eb305c5bae333_20260528_145721
2026-05-28 14:57:21,881 - INFO - SUCCESS: backed up: SensibleDots/.git/objects/c9/1c74b1f473aab5ece85dc67c52cfd180bbced5 -> 1c74b1f473aab5ece85dc67c52cfd180bbced5_20260528_145721
2026-05-28 14:57:21,881 - INFO - SUCCESS: backed up: SensibleDots/.git/objects/6f/2108aaab91857ecdc89e781441183c6dfa7480 -> 2108aaab91857ecdc89e781441183c6dfa7480_20260528_145721
2026-05-28 14:57:21,882 - INFO - SUCCESS: backed up: SensibleDots/.git/objects/fa/df459da2fc54b37518c021458889d7d4013375 -> df459da2fc54b37518c021458889d7d4013375_20260528_145721
2026-05-28 14:57:21,882 - INFO - SUCCESS: backed up: SensibleDots/.git/objects/a0/a7abf0604feeec09652439af3b7188119fd1da -> a7abf0604feeec09652439af3b7188119fd1da_20260528_145721
2026-05-28 14:57:21,883 - INFO - SUCCESS: backed up: SensibleDots/.git/objects/cc/1de10f4754811b4410515c12c4390772670711 -> 1de10f4754811b4410515c12c4390772670711_20260528_145721
2026-05-28 14:57:21,883 - INFO - SUCCESS: backed up: SensibleDots/.git/objects/d3/ae92f22262315ab929955b4160c7e22f75610f -> ae92f22262315ab929955b4160c7e22f75610f_20260528_145721
2026-05-28 14:57:21,884 - INFO - SUCCESS: backed up: SensibleDots/.git/objects/c6/5e8d9e9c6bb9a0d98f08bfb249af23f95e75e5 -> 5e8d9e9c6bb9a0d98f08bfb249af23f95e75e5_20260528_145721
2026-05-28 14:57:21,884 - INFO - SUCCESS: backed up: SensibleDots/.git/objects/49/95a4383a2fdb99818111d1f92ea760544edda4 -> 95a4383a2fdb99818111d1f92ea760544edda4_20260528_145721
2026-05-28 14:57:21,884 - INFO - SUCCESS: backed up: SensibleDots/.git/objects/49/c681cdae40a8f885f79ba6cb5d8ee8725e966a -> c681cdae40a8f885f79ba6cb5d8ee8725e966a_20260528_145721
2026-05-28 14:57:21,885 - INFO - SUCCESS: backed up: SensibleDots/.git/objects/1a/08a7555219ad70f4426376910365fa9fe898af -> 08a7555219ad70f4426376910365fa9fe898af_20260528_145721
2026-05-28 14:57:21,886 - INFO - SUCCESS: backed up: SensibleDots/.git/objects/da/ded6defc45ac6049d2f250b2a09df5459e69ec -> ded6defc45ac6049d2f250b2a09df5459e69ec_20260528_145721
2026-05-28 14:57:21,886 - INFO - SUCCESS: backed up: SensibleDots/.git/objects/da/a991793b7912e9ef96187a592de1b63703adfe -> a991793b7912e9ef96187a592de1b63703adfe_20260528_145721
2026-05-28 14:57:21,886 - INFO - SUCCESS: backed up: SensibleDots/.git/objects/27/1fc5f95a19af3ac978addc0e7eb357edf8c4b9 -> 1fc5f95a19af3ac978addc0e7eb357edf8c4b9_20260528_145721
2026-05-28 14:57:21,887 - INFO - SUCCESS: backed up: SensibleDots/.git/objects/e3/f78eb45457e88e1a58d7633c57f4e70790a85c -> f78eb45457e88e1a58d7633c57f4e70790a85c_20260528_145721
2026-05-28 14:57:21,887 - INFO - SUCCESS: backed up: SensibleDots/.git/objects/e3/712d6c38112c1b9020317d3b1553a469e1de44 -> 712d6c38112c1b9020317d3b1553a469e1de44_20260528_145721
2026-05-28 14:57:21,888 - INFO - SUCCESS: backed up: SensibleDots/.git/objects/56/acf7720c0443147120c607e21322db0e9cbd21 -> acf7720c0443147120c607e21322db0e9cbd21_20260528_145721
2026-05-28 14:57:21,888 - INFO - SUCCESS: backed up: SensibleDots/.git/objects/56/0f9b7076c074b082258649b285afd6f11f167f -> 0f9b7076c074b082258649b285afd6f11f167f_20260528_145721
2026-05-28 14:57:21,889 - INFO - SUCCESS: backed up: SensibleDots/.git/objects/6b/0e33bef63c453c5db6ec9f991ca3226eaf2e79 -> 0e33bef63c453c5db6ec9f991ca3226eaf2e79_20260528_145721
2026-05-28 14:57:21,889 - INFO - SUCCESS: backed up: SensibleDots/.git/objects/f7/efee0c47c6170b8772c9cee8c2bb13a4514490 -> efee0c47c6170b8772c9cee8c2bb13a4514490_20260528_145721
2026-05-28 14:57:21,890 - INFO - SUCCESS: backed up: SensibleDots/.git/objects/71/554e78b253b92dbba47a88e2c4e723d483d3f7 -> 554e78b253b92dbba47a88e2c4e723d483d3f7_20260528_145721
2026-05-28 14:57:21,890 - INFO - SUCCESS: backed up: SensibleDots/.git/objects/43/c97385012bcfe2217629bcf0103fa990a41092 -> c97385012bcfe2217629bcf0103fa990a41092_20260528_145721
2026-05-28 14:57:21,891 - INFO - SUCCESS: backed up: SensibleDots/.git/objects/43/e397327be53872d35c8f272d0a6ba696551110 -> e397327be53872d35c8f272d0a6ba696551110_20260528_145721
2026-05-28 14:57:21,891 - INFO - SUCCESS: backed up: SensibleDots/.git/objects/70/fc534483ea9439ca312e9e03d1db53616c73cd -> fc534483ea9439ca312e9e03d1db53616c73cd_20260528_145721
2026-05-28 14:57:21,892 - INFO - SUCCESS: backed up: SensibleDots/.git/objects/55/e992169ebc7e956daf69298fe82280a8d4c383 -> e992169ebc7e956daf69298fe82280a8d4c383_20260528_145721
2026-05-28 14:57:21,892 - INFO - SUCCESS: backed up: SensibleDots/.git/objects/b8/91a63e34f75379b1f0b0f799769040d8fd5f6f -> 91a63e34f75379b1f0b0f799769040d8fd5f6f_20260528_145721
2026-05-28 14:57:21,893 - INFO - SUCCESS: backed up: SensibleDots/.git/objects/93/a2ed49dd0820dbb8b758e72442d29f49d16157 -> a2ed49dd0820dbb8b758e72442d29f49d16157_20260528_145721
2026-05-28 14:57:21,893 - INFO - SUCCESS: backed up: SensibleDots/.git/objects/50/de6168258c915d2ad54ba47d67e95834ebd736 -> de6168258c915d2ad54ba47d67e95834ebd736_20260528_145721
2026-05-28 14:57:21,893 - INFO - SUCCESS: backed up: SensibleDots/.git/objects/50/739818986152628fc2de8fa70300e2c6ceee90 -> 739818986152628fc2de8fa70300e2c6ceee90_20260528_145721
2026-05-28 14:57:21,894 - INFO - SUCCESS: backed up: SensibleDots/.git/objects/21/e1d7f72cd792c0d40121821aad6dd8150ceeb8 -> e1d7f72cd792c0d40121821aad6dd8150ceeb8_20260528_145721
2026-05-28 14:57:21,894 - INFO - SUCCESS: backed up: SensibleDots/.git/objects/ef/5655d4b48ee82723df581a4afe28afa8a34754 -> 5655d4b48ee82723df581a4afe28afa8a34754_20260528_145721
2026-05-28 14:57:21,897 - INFO - SUCCESS: backed up: SensibleDots/.git/logs/refs/heads/main -> main_20260528_145721
2026-05-28 14:57:21,898 - INFO - SUCCESS: backed up: SensibleDots/.git/logs/refs/remotes/origin/main -> main_20260528_145721
2026-05-28 14:57:21,898 - INFO - SUCCESS: backed up: SensibleDots/.git/logs/refs/remotes/origin/HEAD -> HEAD_20260528_145721
2026-05-28 14:57:21,899 - INFO - SUCCESS: backed up: SensibleDots/.config/noctalia/settings.json -> settings_20260528_145721.json
2026-05-28 14:57:21,899 - INFO - SUCCESS: backed up: SensibleDots/.config/noctalia/colors.json -> colors_20260528_145721.json
2026-05-28 14:57:21,899 - INFO - SUCCESS: backed up: SensibleDots/.config/noctalia/plugins.json -> plugins_20260528_145721.json
2026-05-28 14:57:21,900 - INFO - SUCCESS: backed up: SensibleDots/.config/kitty/kitty.conf -> kitty_20260528_145721.conf
2026-05-28 14:57:21,901 - INFO - SUCCESS: backed up: SensibleDots/.config/kitty/current-theme.conf -> current-theme_20260528_145721.conf
2026-05-28 14:57:21,901 - INFO - SUCCESS: backed up: SensibleDots/.config/xdg-desktop-portal-termfilechooser/yazi-wrapper.sh -> yazi-wrapper_20260528_145721.sh
2026-05-28 14:57:21,901 - INFO - SUCCESS: backed up: SensibleDots/.config/xdg-desktop-portal-termfilechooser/config -> config_20260528_145721
2026-05-28 14:57:21,902 - INFO - SUCCESS: backed up: SensibleDots/.config/hypr/hyprland.lua -> hyprland_20260528_145721.lua
2026-05-28 14:57:21,902 - INFO - SUCCESS: backed up: SensibleDots/.config/fastfetch/config.jsonc -> config_20260528_145721.jsonc
2026-05-28 14:57:21,903 - INFO - SUCCESS: backed up: SensibleDots/.config/xdg-desktop-portal/portals.conf -> portals_20260528_145721.conf
2026-05-28 14:57:21,903 - INFO - SUCCESS: backed up: SensibleDots/.config/xdg-desktop-portal/hyprland-portals.conf -> hyprland-portals_20260528_145721.conf
2026-05-28 14:57:21,904 - INFO - SUCCESS: backed up: SensibleDots/.config/yazi/yazi.toml -> yazi_20260528_145721.toml
2026-05-28 14:57:21,904 - INFO - SUCCESS: backed up: SensibleDots/.config/yazi/init.lua -> init_20260528_145721.lua
2026-05-28 14:57:21,904 - INFO - SUCCESS: backed up: SensibleDots/.config/yazi/theme.toml -> theme_20260528_145721.toml
2026-05-28 14:57:21,905 - INFO - SUCCESS: backed up: SensibleDots/.config/yazi/keymap.toml -> keymap_20260528_145721.toml
2026-05-28 14:57:21,905 - INFO - SUCCESS: backed up: SensibleDots/.config/yazi/flavors/noctalia.yazi/flavor.toml -> flavor_20260528_145721.toml
2026-05-28 14:57:21,906 - INFO - SUCCESS: backed up: SensibleDots/.config/kitty/themes/noctalia.conf -> noctalia_20260528_145721.conf
2026-05-28 14:57:21,907 - INFO - SUCCESS: backed up: SensibleDots/.config/noctalia/plugins/arch-updater/manifest.json -> manifest_20260528_145721.json
2026-05-28 14:57:21,908 - INFO - SUCCESS: backed up: SensibleDots/.config/noctalia/plugins/arch-updater/Main.qml -> Main_20260528_145721.qml
2026-05-28 14:57:21,908 - INFO - SUCCESS: backed up: SensibleDots/.config/noctalia/plugins/arch-updater/ControlCenterWidget.qml -> ControlCenterWidget_20260528_145721.qml
2026-05-28 14:57:21,908 - INFO - SUCCESS: backed up: SensibleDots/.config/noctalia/plugins/arch-updater/settings.json -> settings_20260528_145721.json
2026-05-28 14:57:21,909 - INFO - SUCCESS: backed up: SensibleDots/.config/noctalia/plugins/arch-updater/LauncherProvider.qml -> LauncherProvider_20260528_145721.qml
2026-05-28 14:57:21,909 - INFO - SUCCESS: backed up: SensibleDots/.config/noctalia/plugins/arch-updater/preview.png -> preview_20260528_145721.png
2026-05-28 14:57:21,910 - INFO - SUCCESS: backed up: SensibleDots/.config/noctalia/plugins/arch-updater/DesktopWidget.qml -> DesktopWidget_20260528_145721.qml
2026-05-28 14:57:21,910 - INFO - SUCCESS: backed up: SensibleDots/.config/noctalia/plugins/arch-updater/Settings.qml -> Settings_20260528_145721.qml
2026-05-28 14:57:21,911 - INFO - SUCCESS: backed up: SensibleDots/.config/noctalia/plugins/arch-updater/BarWidget.qml -> BarWidget_20260528_145721.qml
2026-05-28 14:57:21,911 - INFO - SUCCESS: backed up: SensibleDots/.config/noctalia/plugins/arch-updater/Panel.qml -> Panel_20260528_145721.qml
2026-05-28 14:57:21,911 - INFO - SUCCESS: backed up: SensibleDots/.config/noctalia/plugins/arch-updater/README.md -> README_20260528_145721.md
2026-05-28 14:57:21,912 - INFO - SUCCESS: backed up: SensibleDots/.config/noctalia/plugins/arch-updater/icons/flatpak.svg -> flatpak_20260528_145721.svg
2026-05-28 14:57:21,913 - INFO - SUCCESS: backed up: SensibleDots/.config/noctalia/plugins/arch-updater/icons/arch.svg -> arch_20260528_145721.svg
2026-05-28 14:57:21,913 - INFO - SUCCESS: backed up: SensibleDots/.config/noctalia/plugins/arch-updater/icons/aur.svg -> aur_20260528_145721.svg
2026-05-28 14:57:21,914 - INFO - SUCCESS: backed up: SensibleDots/.config/noctalia/plugins/arch-updater/i18n/en.json -> en_20260528_145721.json
2026-05-28 14:57:21,914 - INFO - SUCCESS: backed up: SensibleDots/.config/noctalia/plugins/arch-updater/i18n/fr.json -> fr_20260528_145721.json
2026-05-28 14:57:21,914 - INFO - SUCCESS: backed up: SensibleDots/.config/noctalia/plugins/arch-updater/i18n/de.json -> de_20260528_145721.json
2026-05-28 14:57:22,915 - INFO - SUCCESS: backup Successfully completed
